#MODCONTROLVERSION=1.3
#You can comment by starting a line with a #, these are ignored by the server.
#Commenting will NOT work unless the line STARTS with a '#'.
#You can also indent the file with tabs or spaces.
#Sections supported are required-files, optional-files, partslist, resource-blacklist and resource-whitelist.
#The client will be required to have the files found in required-files, and they must match the SHA hash if specified (this is where part mod files and play-altering files should go, like KWRocketry or Ferram Aerospace Research#The client may have the files found in optional-files, but IF they do then they must match the SHA hash (this is where mods that do not affect other players should go, like EditorExtensions or part catalogue managers
#You cannot use both resource-blacklist AND resource-whitelist in the same file.
#resource-blacklist bans ONLY the files you specify
#resource-whitelist bans ALL resources except those specified in the resource-whitelist section OR in the SHA sections. A file listed in resource-whitelist will NOT be checked for SHA hash. This is useful if you want a mod that modifies files in its own directory as you play.
#Each section has its own type of formatting. Examples have been given.
#Sections are defined as follows:

!required-files
#To generate the SHA256 of a file you can use a utility such as this one: http://hash.online-convert.com/sha256-generator (use the 'hex' string), or use sha256sum on linux.
#File paths are read from inside GameData.
#If there is no SHA256 hash listed here (i.e. blank after the equals sign or no equals sign), SHA matching will not be enforced.
#You may not specify multiple SHAs for the same file. Do not put spaces around equals sign. Follow the example carefully.
#Syntax:
#[File Path]=[SHA] or [File Path]
#Example: MechJeb2/Plugins/MechJeb2.dll=B84BB63AE740F0A25DA047E5EDA35B26F6FD5DF019696AC9D6AF8FC3E031F0B9
#Example: MechJeb2/Plugins/MechJeb2.dll
MiniAVC.dll
ModuleManager.3.0.4.dll
B9_Aerospace/Parts/Adapter_C125/Adapter_C125.cfg
B9_Aerospace/Parts/Adapter_M1/Adapter_SM1.cfg
B9_Aerospace/Parts/Adapter_M2/Adapter_SM2.cfg
B9_Aerospace/Parts/Adapter_M3/LM3.cfg
B9_Aerospace/Parts/Adapter_M3/SM3.cfg
B9_Aerospace/Parts/Adapter_Y1/Adapter_Y1.cfg
B9_Aerospace/Parts/Aero_Airbrake_Surface/airbrake.cfg
B9_Aerospace/Parts/Aero_Airbrake_Surface/airbrake_large.cfg
B9_Aerospace/Parts/Aero_HL_Adapter_Front/Aero_HL_Adapter_Front.cfg
B9_Aerospace/Parts/Aero_HL_Body/05m-Universal-SAS.cfg
B9_Aerospace/Parts/Aero_HL_Body/05m-Universal.cfg
B9_Aerospace/Parts/Aero_HL_Body/1m-Universal.cfg
B9_Aerospace/Parts/Aero_HL_Body/2m-Adapter-Side.cfg
B9_Aerospace/Parts/Aero_HL_Body/2m-Universal-Adapter.cfg
B9_Aerospace/Parts/Aero_HL_Body/2m-Universal.cfg
B9_Aerospace/Parts/Aero_HL_Body/6m-Universal.cfg
B9_Aerospace/Parts/Aero_HL_Body/8m-Universal-Tail-Cargo.cfg
B9_Aerospace/Parts/Aero_HL_Body/8m-Universal-Tail.cfg
B9_Aerospace/Parts/Aero_HL_Body_Cargo/A.cfg
B9_Aerospace/Parts/Aero_HL_Body_Cargo/B.cfg
B9_Aerospace/Parts/Aero_HL_Body_Cargo/C.cfg
B9_Aerospace/Parts/Aero_HL_Extension_A/Aero_HL_Extension_A.cfg
B9_Aerospace/Parts/Aero_HL_Extension_B/Universal.cfg
B9_Aerospace/Parts/Aero_HL_Extension_C/Aero_HL_Extension_C.cfg
B9_Aerospace/Parts/Aero_Intake_CLR/Aero_Intake_CLR.cfg
B9_Aerospace/Parts/Aero_Intake_DSI/DSI.cfg
B9_Aerospace/Parts/Aero_Intake_DSI/DSIX.cfg
B9_Aerospace/Parts/Aero_Intake_Ramp/Mount.cfg
B9_Aerospace/Parts/Aero_Intake_Ramp/RBM.cfg
B9_Aerospace/Parts/Aero_Intake_Ramp/RNM.cfg
B9_Aerospace/Parts/Aero_T2_Tail/Aero_T2_Tail.cfg
B9_Aerospace/Parts/Body_Mk1/body_mk1_section_025m.cfg
B9_Aerospace/Parts/Body_Mk1/body_mk1_section_050m.cfg
B9_Aerospace/Parts/Body_Mk1/body_mk1_section_050m_payload_bay.cfg
B9_Aerospace/Parts/Body_Mk1/body_mk1_section_100m.cfg
B9_Aerospace/Parts/Body_Mk1/body_mk1_section_100m_payload_bay.cfg
B9_Aerospace/Parts/Body_Mk1/body_mk1_section_200m.cfg
B9_Aerospace/Parts/Body_Mk1/body_mk1_section_200m_payload_bay.cfg
B9_Aerospace/Parts/Body_Mk1/body_mk1_section_400m.cfg
B9_Aerospace/Parts/Body_Mk2/body_mk2_adapter_125m_bicoupler.cfg
B9_Aerospace/Parts/Body_Mk2/body_mk2_adapter_125m_long.cfg
B9_Aerospace/Parts/Body_Mk2/body_mk2_adapter_125m_short.cfg
B9_Aerospace/Parts/Body_Mk2/body_mk2_adapter_125m_shroud_full.cfg
B9_Aerospace/Parts/Body_Mk2/body_mk2_adapter_125m_shroud_half.cfg
B9_Aerospace/Parts/Body_Mk2/body_mk2_adapter_250m_long.cfg
B9_Aerospace/Parts/Body_Mk2/body_mk2_adapter_250m_short.cfg
B9_Aerospace/Parts/Body_Mk2/body_mk2_nosecone_125m_long.cfg
B9_Aerospace/Parts/Body_Mk2/body_mk2_nosecone_125m_short.cfg
B9_Aerospace/Parts/Body_Mk2/body_mk2_nosecone_direct_long.cfg
B9_Aerospace/Parts/Body_Mk2/body_mk2_nosecone_direct_short.cfg
B9_Aerospace/Parts/Body_Mk2/body_mk2_section_0m.cfg
B9_Aerospace/Parts/Body_Mk2/body_mk2_section_0m_sas.cfg
B9_Aerospace/Parts/Body_Mk2/body_mk2_section_1m.cfg
B9_Aerospace/Parts/Body_Mk2/body_mk2_section_1m_payload_bay.cfg
B9_Aerospace/Parts/Body_Mk2/body_mk2_section_2m.cfg
B9_Aerospace/Parts/Body_Mk2/body_mk2_section_2m_payload_bay.cfg
B9_Aerospace/Parts/Body_Mk2_Cockpit/body_mk2_cockpit_a.cfg
B9_Aerospace/Parts/Body_Mk2_Cockpit/body_mk2_cockpit_a_intake.cfg
B9_Aerospace/Parts/Cargo_M2_Adapter/Adapter.cfg
B9_Aerospace/Parts/Cargo_M2_Adapter/Separator.cfg
B9_Aerospace/Parts/Cargo_M2_Body/Doors.cfg
B9_Aerospace/Parts/Cockpit_D25/Cockpit_D25.cfg
B9_Aerospace/Parts/Cockpit_HL/HL_Aero_Cockpit.cfg
B9_Aerospace/Parts/Cockpit_M27/Cockpit_M27.cfg
B9_Aerospace/Parts/Cockpit_MK1_Junction/Cockpit_MK1_Junction.cfg
B9_Aerospace/Parts/Cockpit_MK5/Cockpit_MK5.cfg
B9_Aerospace/Parts/Cockpit_S2/Cockpit_S2.cfg
B9_Aerospace/Parts/Cockpit_S2_Adapter/Cockpit_S2_Adapter.cfg
B9_Aerospace/Parts/Cockpit_S2_Body/05m-SAS.cfg
B9_Aerospace/Parts/Cockpit_S2_Body/05m-Universal.cfg
B9_Aerospace/Parts/Cockpit_S2_Body/1m-Universal.cfg
B9_Aerospace/Parts/Cockpit_S2_Body/2m-Universal.cfg
B9_Aerospace/Parts/Cockpit_S2_Body/6m-Universal.cfg
B9_Aerospace/Parts/Cockpit_S2_Body_Cargo/S2-2m.cfg
B9_Aerospace/Parts/Cockpit_S2_Body_Cargo/S2-6m.cfg
B9_Aerospace/Parts/Cockpit_S2_Body_Cargo/S2W-2m.cfg
B9_Aerospace/Parts/Cockpit_S2_Body_Cargo/S2W-6m.cfg
B9_Aerospace/Parts/Cockpit_S2_Body_Crew/2m.cfg
B9_Aerospace/Parts/Cockpit_S2_Body_Crew/6m.cfg
B9_Aerospace/Parts/Cockpit_S2_Body_Tail/Tail.cfg
B9_Aerospace/Parts/Cockpit_S2_W_Body/Body-Back-EM1-Universal.cfg
B9_Aerospace/Parts/Cockpit_S2_W_Body/Body-Back-EM2-Universal.cfg
B9_Aerospace/Parts/Cockpit_S2_W_Body/Body-Back-Universal.cfg
B9_Aerospace/Parts/Cockpit_S2_W_Body/Body-Front-Intake.cfg
B9_Aerospace/Parts/Cockpit_S2_W_Body/Body-Front-Universal.cfg
B9_Aerospace/Parts/Cockpit_S2_W_Body/Body.cfg
B9_Aerospace/Parts/Cockpit_S3/Cockpit_S3.cfg
B9_Aerospace/Parts/Control_RCS_Blocks/Block_R12.cfg
B9_Aerospace/Parts/Control_RCS_Blocks/Block_R5.cfg
B9_Aerospace/Parts/Control_RCS_Blocks/Block_R6.cfg
B9_Aerospace/Parts/Control_RCS_Blocks/Port_R1.cfg
B9_Aerospace/Parts/Control_RCS_Blocks/Port_R1A.cfg
B9_Aerospace/Parts/Control_RCS_Shielded/control_rcs_shielded_s1.cfg
B9_Aerospace/Parts/Control_RCS_Shielded/control_rcs_shielded_s5.cfg
B9_Aerospace/Parts/Control_RCS_Tank_MT/MT1.cfg
B9_Aerospace/Parts/Control_RCS_Tank_MT/MT4.cfg
B9_Aerospace/Parts/Engine_Jet_Pod_Medium/Engine_Jet_Pod_Medium.cfg
B9_Aerospace/Parts/Engine_Jet_Pod_Small/Engine_Jet_Pod_Small.cfg
B9_Aerospace/Parts/Engine_Jet_Turbofan_F119/Engine_Jet_Turbofan_F119.cfg
B9_Aerospace/Parts/Engine_Jet_Turbojet/Engine_Jet_Turbojet.cfg
B9_Aerospace/Parts/Engine_L2_Atlas/Engine_L2_Atlas.cfg
B9_Aerospace/Parts/Engine_SABRE_Body/M.cfg
B9_Aerospace/Parts/Engine_SABRE_Body/S.cfg
B9_Aerospace/Parts/Engine_SABRE_Intake/SABRE_Intake_M.cfg
B9_Aerospace/Parts/Engine_SABRE_Intake/SABRE_Intake_S.cfg
B9_Aerospace/Parts/Engine_SABRE_M/Engine_SABRE_M.cfg
B9_Aerospace/Parts/Engine_SABRE_S/Engine_SABRE_S.cfg
B9_Aerospace/Parts/Engine_T2_SRBS/T2.cfg
B9_Aerospace/Parts/Engine_T2_SRBS/T2A.cfg
B9_Aerospace/Parts/Engine_VA1/Engine_VA1.cfg
B9_Aerospace/Parts/Engine_VS1/Engine_VS1.cfg
B9_Aerospace/Parts/Engine_Vx1_Nose/Intake.cfg
B9_Aerospace/Parts/Engine_Vx1_Nose/Nosecone.cfg
B9_Aerospace/Parts/Structure_Ladders-Railings/L1_Ladder.cfg
B9_Aerospace/Parts/Structure_Ladders-Railings/L2_Ladder.cfg
B9_Aerospace/Parts/Structure_Ladders-Railings/L4_Ladder.cfg
B9_Aerospace/Parts/Structure_Ladders-Railings/L8_Ladder.cfg
B9_Aerospace/Parts/Structure_Ladders-Railings/R0_Railing.cfg
B9_Aerospace/Parts/Structure_Ladders-Railings/R1_Railing.cfg
B9_Aerospace/Parts/Structure_Ladders-Railings/R2_Railing.cfg
B9_Aerospace/Parts/Structure_Ladders-Railings/R4_Railing.cfg
B9_Aerospace/Parts/Structure_PA_Adapter/Structure_PA_Adapter.cfg
B9_Aerospace/Parts/Structure_P_Clear-Half/P1_Surface_Half.cfg
B9_Aerospace/Parts/Structure_P_Clear-Half/P2_Surface_Half.cfg
B9_Aerospace/Parts/Structure_P_Clear-Half/P4_Surface_Half.cfg
B9_Aerospace/Parts/Structure_P_Clear-Half/P8_Surface_Half.cfg
B9_Aerospace/Parts/Structure_P_Standard-Frame/P1_Universal.cfg
B9_Aerospace/Parts/Structure_P_Standard-Frame/P2_Universal.cfg
B9_Aerospace/Parts/Structure_P_Standard-Frame/P4_Universal.cfg
B9_Aerospace/Parts/Structure_P_Standard-Frame/P8_Universal.cfg
B9_Aerospace/Parts/Structure_SNM_Strut/Structure_SNM_Strut.cfg
B9_Aerospace/Parts/Structure_SN_Strut/Structure_SN_Strut.cfg
B9_Aerospace/Parts/Structure_StackSeparator_MSR/Structure_StackSeparator_MSR.cfg
B9_Aerospace/Parts/Utility_DockingPort_CDP/Utility_DockingPort_CDP.cfg
B9_Aerospace/Parts/Utility_InfoDrive/Utility_InfoDrive.cfg
B9_Aerospace/Parts/Utility_Leg_H50/H50.cfg
B9_Aerospace/Parts/Utility_Leg_H50/H50P.cfg
B9_Aerospace/Parts/Utility_Light_A/A1_Closed_U.cfg
B9_Aerospace/Parts/Utility_Light_A/A1_White.cfg
B9_Aerospace/Parts/Utility_Light_A/A4_White.cfg
B9_Aerospace/Parts/Utility_Light_A/A8_White.cfg
B9_Aerospace/Parts/Utility_Light_N/N1_Omni_Small.cfg
B9_Aerospace/Parts/Utility_Light_N/N2_Omni_Large.cfg
B9_Aerospace/Parts/Utility_Nosecone_Science/Nosecone.cfg
B9_Aerospace/Parts/Utility_Nosecone_Science/Nosecone_Science.cfg
B9_Aerospace/Parts/Utility_Nosecone_Science/Nosecone_Sensor.cfg
B9_Aerospace/Parts/Utility_Nosecone_Science/Radial_Science.cfg
B9_Aerospace/Parts/Utility_Nosecone_Science/Radial_Sensor.cfg
B9_Aerospace_ProceduralWings/Plugins/B9_Aerospace_WingStuff.dll
BZ-1/BZ-1.cfg
ChopShop/Propulsion/Impeller/impeller.cfg
ChopShop/Propulsion/LTS/bottom_tank.cfg
ChopShop/Propulsion/LTS/core2_tank.cfg
ChopShop/Propulsion/LTS/core_tank.cfg
ChopShop/Propulsion/LTS/core_tank_tiny.cfg
ChopShop/Propulsion/LTS/side_tank.cfg
ChopShop/Propulsion/LTS/side_tank_tiny.cfg
ChopShop/Propulsion/SkyCrane/SkyCrane1.cfg
ChopShop/Propulsion/SkyCrane/SkyCrane2.cfg
ChopShop/Propulsion/SmallerEngines/small_aerospike.cfg
ChopShop/Propulsion/SmallerEngines/small_ramjet.cfg
ChopShop/Rovers/fixed_stock_rover.cfg
ChopShop/Rovers/rsp-r.cfg
ChopShop/Rovers/rsp-s.cfg
ChopShop/Rovers/rtg_rover.cfg
ChopShop/Rovers/rugged_rover.cfg
ChopShop/Rovers/stockRoverXL.cfg
ChopShop/Rovers/MRR/mrr.cfg
ChopShop/Rovers/MRR/mrr2.cfg
ChopShop/Science/SoilSampler/SoilSampler.cfg
ChopShop/Structural/Blisters/blister.cfg
ChopShop/Structural/Blisters/blister2.cfg
ChopShop/Structural/Blisters/decoupler.cfg
ChopShop/Structural/Blisters/decoupler2.cfg
ChopShop/Structural/Hubs/hub_5nodes.cfg
ChopShop/Structural/Hubs/hub_6nodes.cfg
ChopShop/Structural/Hubs/hub_8nodes.cfg
ChopShop/Structural/Mk2/beak.cfg
ChopShop/Structural/Mk2/drone_nosecone.cfg
ChopShop/Structural/Mk2/intake_nosecone.cfg
ChopShop/Structural/Mk2/quad.cfg
ChopShop/Structural/Mk2/quint.cfg
ChopShop/Structural/Mk2/size2.cfg
ChopShop/Structural/Mk2/tri.cfg
ChopShop/Structural/Mk2/wide_tri.cfg
ChopShop/Structural/Weight/weight.cfg
ChopShop/Utility/Chutes/base.cfg
ChopShop/Utility/Chutes/chute1.cfg
ChopShop/Utility/Chutes/chute2.cfg
ChopShop/Utility/Chutes/chute5.cfg
ChopShop/Utility/Chutes/drogue.cfg
ChopShop/Utility/Chutes/inline.cfg
ChopShop/Utility/DAS-1/das1.cfg
ChopShop/Utility/Electrics/LED/part.cfg
ChopShop/Utility/Electrics/SmartSolarPanel/ssp1.cfg
ChopShop/Utility/Electrics/SmartSolarPanel/ssp1_small.cfg
ChopShop/Utility/Electrics/SmartSolarPanel/ssp2.cfg
ChopShop/Utility/Electrics/SmartSolarPanel/ssp3.cfg
ChopShop/Utility/HeatShield/heatshield_o.cfg
DMagicOrbitalScience/Plugins/DMagic.dll
DMTanks/AeroRTG/dmrtg.cfg
EVATransfer/EVATransfer.dll
IndicatorLights/IndicatorLights.dll
JSI/RasterPropMonitor/Plugins/RasterPropMonitor.dll
JX2Antenna/ju1mda.cfg
JX2Antenna/jw1mda.cfg
JX2Antenna/jx2lda.cfg
KerbalEngineer/KerbalEngineer.dll
KerbalEngineer/KerbalEngineer.Unity.dll
KerbalEngineer/MiniAVC.dll
KerbalHacks/WrapperTank/WrapperCap.cfg
KerbalHacks/WrapperTank/WrapperTank.cfg
KerbalHacks/WrapperTank/WrapperTankLong.cfg
KerbalHacks/WrapperTank/WrapperTankShort.cfg
KerbalReusabilityExpansion/DeployableAeroSurfaces.dll
KWRocketry/MiniAVC.dll
MainSailor/Fairings/Black/Conic.cfg
MainSailor/Fairings/Black/Egg.cfg
MainSailor/Fairings/Black/SoyuzFairing.cfg
MainSailor/Fairings/Gamma/Conic.cfg
MainSailor/Fairings/Gamma/Egg.cfg
MainSailor/Fairings/Gamma/SoyuzFairing.cfg
MainSailor/Fairings/White/Conic.cfg
MainSailor/Fairings/White/Egg.cfg
MainSailor/Fairings/White/SoyuzFairing.cfg
MechJeb2/Plugins/MechJeb2.dll
Mk2Expansion/Parts/Aero/AdapterIntake/part.cfg
Mk2Expansion/Parts/Aero/AeroIntake/part.cfg
Mk2Expansion/Parts/Aero/Chines/End.cfg
Mk2Expansion/Parts/Aero/Chines/Long.cfg
Mk2Expansion/Parts/Aero/Chines/Radapter.cfg
Mk2Expansion/Parts/Aero/Chines/RLong.cfg
Mk2Expansion/Parts/Aero/Chines/RShort.cfg
Mk2Expansion/Parts/Aero/Chines/Short.cfg
Mk2Expansion/Parts/Aero/CircularIntake/part.cfg
Mk2Expansion/Parts/Aero/EngineShroud/part.cfg
Mk2Expansion/Parts/Aero/MantaIntake/part.cfg
Mk2Expansion/Parts/Aero/mk1Chines/cap.cfg
Mk2Expansion/Parts/Aero/mk1Chines/Long.cfg
Mk2Expansion/Parts/Aero/mk1Chines/Short.cfg
Mk2Expansion/Parts/Aero/Precooler/part.cfg
Mk2Expansion/Parts/Aero/ShockCone/part.cfg
Mk2Expansion/Parts/Aero/tailboom/part.cfg
Mk2Expansion/Parts/Command/Angler/part.cfg
Mk2Expansion/Parts/Command/Blade/part.cfg
Mk2Expansion/Parts/Command/Fishhead/part.cfg
Mk2Expansion/Parts/Command/Raven/part.cfg
Mk2Expansion/Parts/Command/Viper/part.cfg
Mk2Expansion/Parts/Engines/AASRB/Radial.cfg
Mk2Expansion/Parts/Engines/AASRB/RadialL.cfg
Mk2Expansion/Parts/Engines/Aerospike/part.cfg
Mk2Expansion/Parts/Engines/AugmentedRocket/part.cfg
Mk2Expansion/Parts/Engines/ESTOC/part.cfg
Mk2Expansion/Parts/Engines/IonEngine/part.cfg
Mk2Expansion/Parts/Engines/JumpJet/part.cfg
Mk2Expansion/Parts/Engines/LanderEngine/part.cfg
Mk2Expansion/Parts/Engines/LiftFan/fuselage.cfg
Mk2Expansion/Parts/Engines/LiftFan/stack.cfg
Mk2Expansion/Parts/Engines/MATTOCK/part.cfg
Mk2Expansion/Parts/Engines/Pegasus/part.cfg
Mk2Expansion/Parts/Engines/Pluto/part.cfg
Mk2Expansion/Parts/Engines/Ramjet/part.cfg
Mk2Expansion/Parts/Engines/Rontgen/part.cfg
Mk2Expansion/Parts/Engines/SCRamjet/part.cfg
Mk2Expansion/Parts/Engines/Siddeley/part.cfg
Mk2Expansion/Parts/Engines/Turbofan/part.cfg
Mk2Expansion/Parts/Engines/Turbojet/part.cfg
Mk2Expansion/Parts/Engines/Turboprop/part.cfg
Mk2Expansion/Parts/Engines/VTOL/Part.cfg
Mk2Expansion/Parts/FuelTank/Bicoupler/part.cfg
Mk2Expansion/Parts/FuelTank/HypersonicNose/part.cfg
Mk2Expansion/Parts/FuelTank/Inverter/part.cfg
Mk2Expansion/Parts/FuelTank/LinearTricoupler/part.cfg
Mk2Expansion/Parts/FuelTank/Nosecap/part.cfg
Mk2Expansion/Parts/FuelTank/ServiceTank/part.cfg
Mk2Expansion/Parts/FuelTank/size2adapter/part.cfg
Mk2Expansion/Parts/FuelTank/SpadeTail/part.cfg
Mk2Expansion/Parts/FuelTank/Tricoupler/part.cfg
Mk2Expansion/Parts/Structural/Decoupler/part.cfg
Mk2Expansion/Parts/Structural/Endcap/part.cfg
Mk2Expansion/Parts/Structural/Hubs/LHub.cfg
Mk2Expansion/Parts/Structural/Hubs/THub.cfg
Mk2Expansion/Parts/Structural/Hubs/XHub.cfg
Mk2Expansion/Parts/Structural/RadialMount/RadialA.cfg
Mk2Expansion/Parts/Structural/RadialMount/RadialB.cfg
Mk2Expansion/Parts/Structural/StructuralTube/adapterl.cfg
Mk2Expansion/Parts/Structural/StructuralTube/adapters.cfg
Mk2Expansion/Parts/Structural/StructuralTube/part.cfg
Mk2Expansion/Parts/Utility/AlignedDockingPort/part.cfg
Mk2Expansion/Parts/Utility/DockingPort/part.cfg
Mk2Expansion/Parts/Utility/Lab/part.cfg
Mk2Expansion/Parts/Utility/LongCabin/part.cfg
Mk2Expansion/Parts/Utility/Nosebay/part.cfg
Mk2Expansion/Parts/Utility/OMS/omsEngine.cfg
Mk2Expansion/Parts/Utility/Radiator/part.cfg
Mk2Expansion/Parts/Utility/RCS/CBlock.cfg
Mk2Expansion/Parts/Utility/RCS/EBlock.cfg
Mk2Expansion/Parts/Utility/RCS/FF5Way.cfg
Mk2Expansion/Parts/Utility/RCS/OMSBlister.cfg
Mk2Expansion/Parts/Utility/RCS/RCSBlister.cfg
Mk2Expansion/Parts/Utility/RCS/StabilityControl.cfg
Mk2Expansion/Parts/Utility/Reactor/part.cfg
Mk2Expansion/Parts/Utility/ServiceBay/part.cfg
Mk2Expansion/Parts/Utility/SolarPanel/part.cfg
Mk3Expansion/Parts/Aero/BigSAirbrakes/Airbrake.cfg
Mk3Expansion/Parts/Aero/BigSAirbrakes/Airbrake2.cfg
Mk3Expansion/Parts/Aero/BigSWings/elevonA.cfg
Mk3Expansion/Parts/Aero/BigSWings/elevonB.cfg
Mk3Expansion/Parts/Aero/BigSWings/elevonC.cfg
Mk3Expansion/Parts/Aero/BigSWings/SegmentA.cfg
Mk3Expansion/Parts/Aero/BigSWings/SegmentB.cfg
Mk3Expansion/Parts/Aero/BigSWings/SegmentC.cfg
Mk3Expansion/Parts/Aero/BigSWings/SegmentD.cfg
Mk3Expansion/Parts/Aero/BigSWings/SegmentE.cfg
Mk3Expansion/Parts/Aero/BigSWings/SegmentF.cfg
Mk3Expansion/Parts/Aero/BigSWings/SegmentG.cfg
Mk3Expansion/Parts/Aero/Chines/End.cfg
Mk3Expansion/Parts/Aero/Chines/Long.cfg
Mk3Expansion/Parts/Aero/Chines/RCS.cfg
Mk3Expansion/Parts/Aero/Chines/RCSCap.cfg
Mk3Expansion/Parts/Aero/Chines/Short.cfg
Mk3Expansion/Parts/Aero/Jetliner_Intake/part.cfg
Mk3Expansion/Parts/Aero/Precooler/part.cfg
Mk3Expansion/Parts/Aero/Shockcone/part.cfg
Mk3Expansion/Parts/Command/Cyclops/part.cfg
Mk3Expansion/Parts/Command/Drone/part.cfg
Mk3Expansion/Parts/Command/Inline/part.cfg
Mk3Expansion/Parts/Command/Shovel/mk3CockpitShuttle.cfg
Mk3Expansion/Parts/Engines/AugmentedRocket/part.cfg
Mk3Expansion/Parts/Engines/CLEAVER/part.cfg
Mk3Expansion/Parts/Engines/ConcentricAerospike/part.cfg
Mk3Expansion/Parts/Engines/Hades/part.cfg
Mk3Expansion/Parts/Engines/HeavyProp/part.cfg
Mk3Expansion/Parts/Engines/ionEngine/part.cfg
Mk3Expansion/Parts/Engines/Legacy/Turbofan/part.cfg
Mk3Expansion/Parts/Engines/LinearAerospike/part.cfg
Mk3Expansion/Parts/Engines/OMS/omsEngine.cfg
Mk3Expansion/Parts/Engines/Sievert/part.cfg
Mk3Expansion/Parts/Engines/SolidBooster/Long.cfg
Mk3Expansion/Parts/Engines/SolidBooster/part.cfg
Mk3Expansion/Parts/Engines/SolidBooster/Standard.cfg
Mk3Expansion/Parts/Engines/Turbofan/part.cfg
Mk3Expansion/Parts/Engines/TurboRamJet/part.cfg
Mk3Expansion/Parts/FuelTank/Bicoupler/part.cfg
Mk3Expansion/Parts/FuelTank/HSNC/part.cfg
Mk3Expansion/Parts/FuelTank/InvertedAdapter/part.cfg
Mk3Expansion/Parts/FuelTank/mk3size1adapter/part.cfg
Mk3Expansion/Parts/FuelTank/Quadcoupler/part.cfg
Mk3Expansion/Parts/FuelTank/ServiceBay/part.cfg
Mk3Expansion/Parts/FuelTank/ServiceTank/part.cfg
Mk3Expansion/Parts/FuelTank/SSNC/part.cfg
Mk3Expansion/Parts/FuelTank/Tricoupler/part.cfg
Mk3Expansion/Parts/FuelTank/TricouplerMk2/part.cfg
Mk3Expansion/Parts/Structural/Decoupler/part.cfg
Mk3Expansion/Parts/Structural/FuselageExtension/cargoadapter.cfg
Mk3Expansion/Parts/Structural/FuselageExtension/CRCS.cfg
Mk3Expansion/Parts/Structural/FuselageExtension/Crew.cfg
Mk3Expansion/Parts/Structural/FuselageExtension/End.cfg
Mk3Expansion/Parts/Structural/FuselageExtension/Intake.cfg
Mk3Expansion/Parts/Structural/FuselageExtension/Long.cfg
Mk3Expansion/Parts/Structural/FuselageExtension/Node.cfg
Mk3Expansion/Parts/Structural/FuselageExtension/RCS.cfg
Mk3Expansion/Parts/Structural/FuselageExtension/Short.cfg
Mk3Expansion/Parts/Structural/Hubs/THub.cfg
Mk3Expansion/Parts/Structural/Hubs/XHub.cfg
Mk3Expansion/Parts/Structural/OMS_shoulder/part.cfg
Mk3Expansion/Parts/Utility/AlignedDockingPort/part.cfg
Mk3Expansion/Parts/Utility/DockingPorts/inline.cfg
Mk3Expansion/Parts/Utility/DockingPorts/stack.cfg
Mk3Expansion/Parts/Utility/HeavyRCS/part.cfg
Mk3Expansion/Parts/Utility/Reactor/part.cfg
Mk3Expansion/Parts/Utility/SciLab/part.cfg
MunarIndustries/MiniAVC.dll
NearFutureConstruction/Versioning/MiniAVC.dll
NearFutureElectrical/Plugins/NearFutureElectrical.dll
NearFutureElectrical/Versioning/MiniAVC.dll
NearFutureLaunchVehicles/Versioning/MiniAVC.dll
NearFuturePropulsion/Plugins/NearFuturePropulsion.dll
NearFuturePropulsion/Versioning/MiniAVC.dll
NearFutureSolar/Plugins/NearFutureSolar.dll
NearFutureSolar/Versioning/MiniAVC.dll
NearFutureSpacecraft/Versioning/MiniAVC.dll
OPT/Parts/engines/ARI/engine.cfg
OPT/Parts/engines/DarkDrive/engine_darkDrive.cfg
OPT/Parts/engines/mk2Short/opt_mk2_engine_short.cfg
OPT/Parts/engines/Nebula/nebula_engine.cfg
OPT/Parts/hfuselage/h_2m_em_fm.cfg
OPT/Parts/hfuselage/h_2m_em_mm.cfg
OPT/Parts/hfuselage/h_2m_nose_fm.cfg
OPT/Parts/hfuselage/h_2m_nose_mm.cfg
OPT/Parts/hfuselage/h_3m_crew_fm.cfg
OPT/Parts/hfuselage/h_3m_crew_mm.cfg
OPT/Parts/hfuselage/h_3m_fuel_fm.cfg
OPT/Parts/hfuselage/h_3m_fuel_mm.cfg
OPT/Parts/hfuselage/h_4m_nose_fm.cfg
OPT/Parts/hfuselage/h_4m_nose_mm.cfg
OPT/Parts/hfuselage/h_drone_fm.cfg
OPT/Parts/hfuselage/h_drone_mm.cfg
OPT/Parts/main/ij_4m_adaptor.cfg
OPT/Parts/main/ij_5m_adaptor.cfg
OPT/Parts/main/i_4m_cockpit_isp.cfg
OPT/Parts/main/i_4m_tail.cfg
OPT/Parts/main/i_5m_cockpit.cfg
OPT/Parts/main/i_5m_cockpit_ils.cfg
OPT/Parts/main/jk_3m_adaptor.cfg
OPT/Parts/main/jk_7m_adaptor.cfg
OPT/Parts/main/j_2m_bicoupler.cfg
OPT/Parts/main/j_2m_crewDock.cfg
OPT/Parts/main/j_2m_fuelTank.cfg
OPT/Parts/main/j_2m_inlineBoardingRamp.cfg
OPT/Parts/main/j_3m_depBay.cfg
OPT/Parts/main/j_3m_largeDock.cfg
OPT/Parts/main/j_3m_rearHatch.cfg
OPT/Parts/main/j_4m_cargo.cfg
OPT/Parts/main/j_4m_crew.cfg
OPT/Parts/main/j_4m_engineMount.cfg
OPT/Parts/main/j_4m_fuelTank.cfg
OPT/Parts/main/j_4m_scienceLab.cfg
OPT/Parts/main/j_4m_service.cfg
OPT/Parts/main/j_5m_nose.cfg
OPT/Parts/main/j_5m_tail.cfg
OPT/Parts/main/j_6m_cockpit.cfg
OPT/Parts/main/j_7m_cockpit.cfg
OPT/Parts/main/j_7m_cockpit_qs.cfg
OPT/Parts/main/j_7m_cockpit_qs_noIntake.cfg
OPT/Parts/main/j_aerospike.cfg
OPT/Parts/main/j_droneCore.cfg
OPT/Parts/main/j_droneCoreRCS.cfg
OPT/Parts/main/j_rcs.cfg
OPT/Parts/main/kh_3m_cargo.cfg
OPT/Parts/main/kh_3m_fuselage.cfg
OPT/Parts/main/kh_6m_cargo.cfg
OPT/Parts/main/kh_6m_fuselage.cfg
OPT/Parts/main/kh_cargoRamp.cfg
OPT/Parts/main/kh_cargoRamp_variant.cfg
OPT/Parts/main/k_10m_cockpit.cfg
OPT/Parts/main/k_3m_bicoupler.cfg
OPT/Parts/main/k_3m_fuelTank.cfg
OPT/Parts/main/k_3m_fuselage.cfg
OPT/Parts/main/k_3m_tricoupler.cfg
OPT/Parts/main/k_6m_cargo.cfg
OPT/Parts/main/k_6m_fuelTank.cfg
OPT/Parts/main/k_6m_fuselage.cfg
OPT/Parts/main/k_cargoRamp.cfg
OPT/Parts/main/k_cargoRamp_variant.cfg
OPT/Parts/main/mk2j_4m_adaptor.cfg
OPT/Parts/mk2/mk2_nose.cfg
OPT/Parts/mk2/mk2_ramIntake.cfg
OPT/Parts/mk2/opt_mk2_cockpit.cfg
OPT/Parts/rcs/opt_oms_black.cfg
OPT/Parts/rcs/opt_oms_grey.cfg
OPT/Parts/rcs/opt_rcs_black.cfg
OPT/Parts/rcs/opt_rcs_grey.cfg
OPT/Parts/rcs/opt_retro_rcs.cfg
OPT/Parts/wings/pylon_a.cfg
OPT/Parts/wings/pylon_b.cfg
OPT/Parts/wings/stabilizer_a.cfg
OPT/Parts/wings/stabilizer_b.cfg
OPT/Parts/wings/winglet_a.cfg
OPT/Parts/wings/winglet_a_elevon.cfg
OPT/Parts/wings/winglet_b.cfg
OPT/Parts/wings/winglet_b_elevon.cfg
OPT/Parts/wings/winglet_c.cfg
OPT/Parts/wings/winglet_c_elevon.cfg
OPT/Parts/wings/wing_a.cfg
OPT/Parts/wings/wing_a_elevon.cfg
OPT/Parts/wings/wing_b.cfg
OPT/Parts/wings/wing_b_elevon.cfg
OPT/Parts/wings/wing_c.cfg
OPT/Parts/wings/wing_c_elevon_1.cfg
OPT/Parts/wings/wing_c_elevon_2.cfg
PlanetaryBaseInc/BaseSystem/Plugins/PlanetarySurfaceStructures.dll
ProceduralParts/Plugins/ProceduralParts.dll
QuizTechAeroContinued/MiniAVC.dll
RealChute/Plugins/RealChute.dll
SETIgreenhouse/Parts/Greenhouse/Greenhouse1.cfg
SETIgreenhouse/Parts/Greenhouse/Greenhouse3.cfg
SETIprobeParts/MiniAVC.dll
SpaceTuxIndustries/RecycledParts/MiniAVC.dll
SpaceY-Expanded/Parts/Adapters/SYadapter10m3mX5.cfg
SpaceY-Expanded/Parts/Adapters/SYadapter10m3mX7.cfg
SpaceY-Expanded/Parts/Adapters/SYadapter7m3mX4.cfg
SpaceY-Expanded/Parts/Adapters/SYadapter7m5m.cfg
SpaceY-Expanded/Parts/Adapters/SYplate10m1mX37.cfg
SpaceY-Expanded/Parts/Adapters/SYplate10m1mX43.cfg
SpaceY-Expanded/Parts/Adapters/SYplate10m3mX4.cfg
SpaceY-Expanded/Parts/Adapters/SYplate10m7mX1.cfg
SpaceY-Expanded/Parts/Adapters/SYplate10mX0.cfg
SpaceY-Expanded/Parts/Adapters/SYplate7m2mX7.cfg
SpaceY-Expanded/Parts/Adapters/SYplate7m3mX2.cfg
SpaceY-Expanded/Parts/Adapters/SYplate7m5mX1.cfg
SpaceY-Expanded/Parts/Bays/SYserviceBay3m.cfg
SpaceY-Expanded/Parts/Bays/SYserviceBay5m.cfg
SpaceY-Expanded/Parts/Bays/SYserviceBay7m.cfg
SpaceY-Expanded/Parts/Command/SYprobe7m.cfg
SpaceY-Expanded/Parts/Control/SYvernier1.cfg
SpaceY-Expanded/Parts/Engines/SYengine3mE1.cfg
SpaceY-Expanded/Parts/Engines/SYengine3mP1.cfg
SpaceY-Expanded/Parts/Engines/SYengine5mP2.cfg
SpaceY-Expanded/Parts/Engines/SYengine7mE2.cfg
SpaceY-Expanded/Parts/Engines/SYengine7mE4.cfg
SpaceY-Expanded/Parts/Engines/SYengine7mP4.cfg
SpaceY-Expanded/Parts/Engines/SYengine7mR9.cfg
SpaceY-Expanded/Parts/Etc/SYdecoupler10m.cfg
SpaceY-Expanded/Parts/Etc/SYdecoupler7m.cfg
SpaceY-Expanded/Parts/Etc/SYfairing10m.cfg
SpaceY-Expanded/Parts/Etc/SYfairing7m.cfg
SpaceY-Expanded/Parts/Etc/SYheatShield7m.cfg
SpaceY-Expanded/Parts/Etc/SYseparator10m.cfg
SpaceY-Expanded/Parts/Etc/SYseparator7m.cfg
SpaceY-Expanded/Parts/FuelTanks/SYtank10m7mAdapter.cfg
SpaceY-Expanded/Parts/FuelTanks/SYtank10mL03750.cfg
SpaceY-Expanded/Parts/FuelTanks/SYtank10mL07500.cfg
SpaceY-Expanded/Parts/FuelTanks/SYtank10mL15000.cfg
SpaceY-Expanded/Parts/FuelTanks/SYtank10mL22500.cfg
SpaceY-Expanded/Parts/FuelTanks/SYtank7m5mAdapter.cfg
SpaceY-Expanded/Parts/FuelTanks/SYtank7m5mAdapter2.cfg
SpaceY-Expanded/Parts/FuelTanks/SYtank7mCone1.cfg
SpaceY-Expanded/Parts/FuelTanks/SYtank7mL03750.cfg
SpaceY-Expanded/Parts/FuelTanks/SYtank7mL07500.cfg
SpaceY-Expanded/Parts/FuelTanks/SYtank7mL15000.cfg
SpaceY-Lifters/Parts/CargoBays/SYbay3m2m.cfg
SpaceY-Lifters/Parts/CargoBays/SYbay5m3m.cfg
SpaceY-Lifters/Parts/Command/SYprobe3m.cfg
SpaceY-Lifters/Parts/Command/SYprobe5m.cfg
SpaceY-Lifters/Parts/Control/SYsasR3m.cfg
SpaceY-Lifters/Parts/Control/SYsasR5m.cfg
SpaceY-Lifters/Parts/Decouplers/SYdecouplerRadial/SYdecouplerRadial1.cfg
SpaceY-Lifters/Parts/Decouplers/SYdecouplerRadial/SYdecouplerRadial2.cfg
SpaceY-Lifters/Parts/Decouplers/SYdecouplerStack/SYdecoupler5m.cfg
SpaceY-Lifters/Parts/Decouplers/SYdecouplerStack/SYseparator3m.cfg
SpaceY-Lifters/Parts/Decouplers/SYdecouplerStack/SYseparator5m.cfg
SpaceY-Lifters/Parts/Docking/SYdocking3m.cfg
SpaceY-Lifters/Parts/Docking/SYdocking5m.cfg
SpaceY-Lifters/Parts/Docking/SYdocking7m.cfg
SpaceY-Lifters/Parts/Engines/SYengine1mK1.cfg
SpaceY-Lifters/Parts/Engines/SYengine2mM1.cfg
SpaceY-Lifters/Parts/Engines/SYengine2mR1.cfg
SpaceY-Lifters/Parts/Engines/SYengine5mM5.cfg
SpaceY-Lifters/Parts/Engines/SYengine5mM9.cfg
SpaceY-Lifters/Parts/Engines/SYengine5mR5.cfg
SpaceY-Lifters/Parts/Engines/SYengine5mR7.cfg
SpaceY-Lifters/Parts/Fairings/SYfairingBase5mP.cfg
SpaceY-Lifters/Parts/FuelTanks/tank3mCone.cfg
SpaceY-Lifters/Parts/FuelTanks/tank3mCone2.cfg
SpaceY-Lifters/Parts/FuelTanks/tank5m3mAdapter.cfg
SpaceY-Lifters/Parts/FuelTanks/tank5mCone2.cfg
SpaceY-Lifters/Parts/FuelTanks/tank5mL0188.cfg
SpaceY-Lifters/Parts/FuelTanks/tank5mL0375.cfg
SpaceY-Lifters/Parts/FuelTanks/tank5mL0750.cfg
SpaceY-Lifters/Parts/FuelTanks/tank5mL1125.cfg
SpaceY-Lifters/Parts/FuelTanks/tank5mL1500.cfg
SpaceY-Lifters/Parts/HeatShield/SYheatShield5m.cfg
SpaceY-Lifters/Parts/LandingLegs/SYlandingLeg1.cfg
SpaceY-Lifters/Parts/LandingLegs/SYlandingLeg2.cfg
SpaceY-Lifters/Parts/LaunchClamps/SYclamp1.cfg
SpaceY-Lifters/Parts/LaunchClamps/SYclamp2.cfg
SpaceY-Lifters/Parts/RCS-OMS/SYoms1.cfg
SpaceY-Lifters/Parts/RCS-OMS/SYoms2.cfg
SpaceY-Lifters/Parts/RCS-OMS/SYrcs1.cfg
SpaceY-Lifters/Parts/RCS-OMS/SYrcs2.cfg
SpaceY-Lifters/Parts/SRBs/SYejectatron/part.cfg
SpaceY-Lifters/Parts/SRBs/SYSRBcones/SYSRBconeSize1.cfg
SpaceY-Lifters/Parts/SRBs/SYSRBcones/SYSRBconeSize1slanted.cfg
SpaceY-Lifters/Parts/SRBs/SYSRBcones/SYSRBconeSize2.cfg
SpaceY-Lifters/Parts/SRBs/SYSRBcones/SYSRBconeSize2slanted.cfg
SpaceY-Lifters/Parts/SRBs/SYSRBcones/SYSRBconeSize3.cfg
SpaceY-Lifters/Parts/SRBs/SYSRBcones/SYSRBconeSize3slanted.cfg
SpaceY-Lifters/Parts/SRBs/SYSRB_0625/SYSRB_0625L5.cfg
SpaceY-Lifters/Parts/SRBs/SYSRB_0625/SYSRB_0625L6R.cfg
SpaceY-Lifters/Parts/SRBs/SYSRB_0625/SYSRB_0625L9.cfg
SpaceY-Lifters/Parts/SRBs/SYSRB_1875/SYSRB_1875L09.cfg
SpaceY-Lifters/Parts/SRBs/SYSRB_1875/SYSRB_1875L15.cfg
SpaceY-Lifters/Parts/SRBs/SYSRB_1875/SYSRB_1875L21.cfg
SpaceY-Lifters/Parts/SRBs/SYSRB_25/SYSRB_25L11.cfg
SpaceY-Lifters/Parts/SRBs/SYSRB_25/SYSRB_25L17.cfg
SpaceY-Lifters/Parts/SRBs/SYSRB_25/SYSRB_25L23.cfg
SpaceY-Lifters/Parts/SRBs/SYSRB_25/SYSRB_25L29.cfg
SpaceY-Lifters/Parts/SRBs/SYSRB_375/SYSRB_375L08.cfg
SpaceY-Lifters/Parts/SRBs/SYSRB_375/SYSRB_375L12.cfg
SpaceY-Lifters/Parts/SRBs/SYSRB_375/SYSRB_375L21.cfg
SpaceY-Lifters/Parts/SRBs/SYSRB_375/SYSRB_375L30.cfg
SpaceY-Lifters/Parts/SRBs/SYSRB_Radial/SYSRBradial01.cfg
SpaceY-Lifters/Parts/Structural/SYadapter5x4/part.cfg
SpaceY-Lifters/Parts/Structural/SYadapterCones/SYadapter3-2-1.cfg
SpaceY-Lifters/Parts/Structural/SYadapterCones/SYadapter4-2-1.cfg
SpaceY-Lifters/Parts/Structural/SYadapterCones/SYadapter4-3.cfg
SpaceY-Lifters/Parts/ThrustPlates/SYplate1m0mX1.cfg
SpaceY-Lifters/Parts/ThrustPlates/SYplate1m0mX2.cfg
SpaceY-Lifters/Parts/ThrustPlates/SYplate2m1m0mX8.cfg
SpaceY-Lifters/Parts/ThrustPlates/SYplate2m1mX0.cfg
SpaceY-Lifters/Parts/ThrustPlates/SYplate2m1mX1.cfg
SpaceY-Lifters/Parts/ThrustPlates/SYplate2m1mX2.cfg
SpaceY-Lifters/Parts/ThrustPlates/SYplate3m1mX5.cfg
SpaceY-Lifters/Parts/ThrustPlates/SYplate3m1mX7.cfg
SpaceY-Lifters/Parts/ThrustPlates/SYplate3m2mX1.cfg
SpaceY-Lifters/Parts/ThrustPlates/SYplate5m2m1mX8.cfg
SpaceY-Lifters/Parts/ThrustPlates/SYplate5m2mX2.cfg
SpaceY-Lifters/Parts/ThrustPlates/SYplate5m3mX1.cfg
StationPartsExpansionRedux/Plugins/HabUtils.dll
StationPartsExpansionRedux/Versioning/MiniAVC.dll
ThrottleControlledAvionics/Plugins/ThrottleControlledAvionics.dll
TundraExploration/Versioning/MiniAVC.dll
UmbraSpaceIndustries/Konstruction/Konstruction.dll
UniversalStorage/MiniAVC.dll
VanguardTechnologies/MiniAVC.dll
VanguardTechnologies/Plugins/VanguardTechnologies.dll
VenStockRevamp/Part Bin/105-7P.cfg
VenStockRevamp/Part Bin/HeavyRCS.cfg
VenStockRevamp/Part Bin/InlineRCS.cfg
VenStockRevamp/Part Bin/KerbCan.cfg
VenStockRevamp/Part Bin/LargeOMS.cfg
VenStockRevamp/Part Bin/Large_Hard_Hab.cfg
VenStockRevamp/Part Bin/liquidEngineLV-900.cfg
VenStockRevamp/Part Bin/MAX.cfg
VenStockRevamp/Part Bin/Para_Docking_Port.cfg
VenStockRevamp/Part Bin/RCS45.cfg
VenStockRevamp/Part Bin/ShibaNTR.cfg
VenStockRevamp/Part Bin/station_Hub_Large.cfg
VenStockRevamp/Part Bin/NewParts/CryoTanks/CryoXBigTank.cfg
VenStockRevamp/Part Bin/NewParts/CryoTanks/CryoXMedTank.cfg
VenStockRevamp/Part Bin/NewParts/CryoTanks/CryoXNosecone.cfg
VenStockRevamp/Part Bin/NewParts/CryoTanks/CryoXSmallTank.cfg
VenStockRevamp/Part Bin/NewParts/CryoTanks/CryoXTankButt.cfg
VenStockRevamp/Part Bin/NewParts/EscapeCover/decouplerCap.cfg
VenStockRevamp/Part Bin/NewParts/FixedAntennas/commsAntenna88-X.cfg
VenStockRevamp/Part Bin/NewParts/FixedAntennas/commsAntennaDTS-M5.cfg
VenStockRevamp/Part Bin/NewParts/FixedAntennas/commsAntennaDTS-M7.cfg
VenStockRevamp/Part Bin/NewParts/FixedAntennas/commsDish32.cfg
VenStockRevamp/Part Bin/NewParts/LVTEngines/LvT15.cfg
VenStockRevamp/Part Bin/NewParts/MK1parts/Mk1CargoBay.cfg
VenStockRevamp/Part Bin/NewParts/MK1parts/mk1LFOFuselage.cfg
VenStockRevamp/Part Bin/NewParts/Mk2pod/MK2pod.cfg
VenStockRevamp/Part Bin/NewParts/NewSolidBoosters/RT-1.cfg
VenStockRevamp/Part Bin/NewParts/NewSolidBoosters/RT-2.cfg
VenStockRevamp/Part Bin/NewParts/NewSolidBoosters/RT-20.cfg
VenStockRevamp/Part Bin/NewParts/Pulsejet/part.cfg
VenStockRevamp/Part Bin/NewParts/RadialAvoinicsHub/avionicsHub.cfg
VenStockRevamp/Part Bin/NewParts/Size2MediumEngine/Size2MedEngine.cfg
VenStockRevamp/Part Bin/NewParts/SmallISRU/MiniISRU.cfg
VenStockRevamp/Part Bin/NewParts/SoftHabs/LargeInflatableHab.cfg
VenStockRevamp/Part Bin/NewParts/SoftHabs/MicroInflatableHab.cfg
VenStockRevamp/Part Bin/NewParts/SoftHabs/SmallInflatableHab.cfg
VenStockRevamp/Part Bin/NewParts/SoftTanks/liquidEngineRE-N4.cfg
VenStockRevamp/Part Bin/NewParts/SoftTanks/softTankMK1.cfg
VenStockRevamp/Part Bin/NewParts/SoftTanks/softTankMK2.cfg
VenStockRevamp/Part Bin/NewParts/SoftTanks/softTankMK3.cfg
VenStockRevamp/Part Bin/NewParts/SoftTanks/softTankMK4.cfg
VenStockRevamp/Part Bin/NewParts/SoftTanks/softTankMK5.cfg


!optional-files
#Formatting for this section is the same as the 'required-files' section
000_AT_Utils/Plugins/000_AT_Utils.dll
000_AT_Utils/Plugins/001_AnisotropicPartResizer.dll
000_AT_Utils/Plugins/002_MultiAnimators.dll
000_AT_Utils/Plugins/ConfigurableContainers.dll
000_AT_Utils/Plugins/SubmodelResizer.dll
000_FilterExtensions/MiniAVC.dll
000_FilterExtensions/Plugins/FilterExtensions.dll
000_Toolbar/MiniAVC.dll
000_Toolbar/Plugins/aaa_Toolbar.dll
000_USITools/MiniAVC.dll
000_USITools/USITools.dll
001_ToolbarControl/MiniAVC.dll
001_ToolbarControl/Plugins/ToolbarControl.dll
AntennaSleep/AntennaSleep.dll
AstronomersVisualPack/MiniAVC.dll
AtmosphereAutopilot/AtmosphereAutopilot.dll
AtmosphereAutopilot/AtmosphereAutopilot.UI.dll
B9AnimationModules/Plugins/B9AnimationModules.dll
B9PartSwitch/Plugins/B9PartSwitch.dll
BahaSP/Plugins/BDAnimationModules.dll
BahaSP/Plugins/RNModules.dll
BasicDeltaV/BasicDeltaV.dll
BasicDeltaV/BasicDeltaV.Unity.dll
BetterBurnTime/BetterBurnTime.dll
BetterCrewAssignment/BetterCrewAssignment.dll
Chatterer/Plugins/Chatterer.dll
Chatterer/Plugins/MiniAVC.dll
CIT/CITUtil.dll
CIT/BAM/Plugins/BAM.dll
ClickThroughBlocker/MiniAVC.dll
ClickThroughBlocker/Plugins/ClickThroughBlocker.dll
CollisionFX/Plugins/CollisionFX.dll
CommunityCategoryKit/CCK.dll
CommunityTechTree/Versioning/MiniAVC.dll
ConnectedLivingSpace/Plugins/CLSInterfaces.dll
ConnectedLivingSpace/Plugins/ConnectedLivingSpace.dll
CorrectCOL/MiniAVC.dll
CorrectCOL/Plugins/CorrectCoL.dll
CrewLight/CrewLight.dll
CrowdSourcedScience/plugin/ScienceFixer.dll
Diazo/AGExt/MiniAVC.dll
Diazo/AGExt/Plugins/AGExt.dll
Diazo/LandingHeight/LandingHeight.dll
DistantObject/DistantObject.dll
DynamicBatteryStorage/Plugins/DynamicBatteryStorage.dll
EditorExtensionsRedux/MiniAVC.dll
EditorExtensionsRedux/Plugins/EditorExtensionsRedux.dll
EngineLight/EngineLight.dll
EnvironmentalVisualEnhancements/Plugins/Atmosphere.dll
EnvironmentalVisualEnhancements/Plugins/CelestialShadows.dll
EnvironmentalVisualEnhancements/Plugins/CityLights.dll
EnvironmentalVisualEnhancements/Plugins/EVEManager.dll
EnvironmentalVisualEnhancements/Plugins/PartFX.dll
EnvironmentalVisualEnhancements/Plugins/PQSManager.dll
EnvironmentalVisualEnhancements/Plugins/ShaderLoader.dll
EnvironmentalVisualEnhancements/Plugins/Terrain.dll
EnvironmentalVisualEnhancements/Plugins/TextureConfig.dll
EnvironmentalVisualEnhancements/Plugins/Utils.dll
EnvironmentalVisualEnhancements/Plugins/_BuildManager.dll
Firespitter/Plugins/Firespitter.dll
FShangarExtender/MiniAVC.dll
FShangarExtender/Plugins/FShangarExtender.dll
GravityTurn/Plugins/GravityTurn.dll
InterstellarFuelSwitch/Plugins/InterstellarFuelSwitch.dll
InterstellarFuelSwitch/Plugins/MiniAVC.dll
InterstellarFuelSwitch/Plugins/Scale_Redist.dll
KerbalFlightIndicators/Plugins/KerbalFlightIndicators.dll
KerbalHealth/KerbalHealth.dll
KerbalHotSeat/MiniAVC.dll
KerbalHotSeat/Plugins/KerbalHotSeat.dll
KerbalJointReinforcement/Plugin/KerbalJointReinforcement.dll
KerbalLaunchVehicles/KerbalLaunchVehicles.dll
KerboKatz/KerboKatz.UI.dll
KerboKatz/KerboKatzUtilities.dll
KerboKatz/SmallUtilities/PhysicalTimeRatioViewer/PhysicalTimeRatioViewer.dll
Kopernicus/Plugins/Kopernicus.Components.dll
Kopernicus/Plugins/Kopernicus.dll
Kopernicus/Plugins/Kopernicus.OnDemand.dll
Kopernicus/Plugins/Kopernicus.Parser.dll
KS3P/Plugins/KS3P.dll
KS3P/Plugins/KS3P.Processor.dll
KS3P/Plugins/KS3P.Shaders.dll
KSP-AVC/KSP-AVC.dll
KSPWheel/Plugin/KSPWheel.dll
LoadingScreenManager/MiniAVC.dll
LoadingScreenManager/Plugins/LoadingScreenManager.dll
ModularFlightIntegrator/ModularFlightIntegrator.dll
NavBallDockingAlignmentIndicatorCE/MiniAVC.dll
NavBallDockingAlignmentIndicatorCE/Plugins/NavBallDockingAlignmentIndicatorCE.dll
NearFutureProps/Plugins/NFPropUtils.dll
NearFutureProps/Versioning/MiniAVC.dll
Nereid/FinalFrontier/Plugins/FinalFrontier.dll
OLDD/LandingAim/LandingAim.dll
PartAngleDisplay/MiniAVC.dll
PartAngleDisplay/Plugins/PartAngleDisplay.dll
PartCommanderContinued/MiniAVC.dll
PartCommanderContinued/Plugins/PartCommanderContinued.dll
PatchManager/MiniAVC.dll
PatchManager/Plugins/PatchManager.dll
PlanetShine/Plugins/MiniAVC.dll
PlanetShine/Plugins/PlanetShine.dll
PreciseNode/MiniAVC.dll
PreciseNode/Plugins/PreciseNode.dll
RCSBuildAid/MiniAVC.dll
RCSBuildAid/Plugins/RCSBuildAid.dll
ReentryParticleEffect/Plugins/ReentryParticleEffect.dll
SafeChute/SafeChute.dll
scatterer/scatterer.dll
ScienceAlert/ScienceAlert.dll
Sigma/Replacements/SkyBox/Plugins/SigmaReplacementsSkyBox.dll
SmokeScreen/SmokeScreen.dll
StoreMyReports/MiniAVC.dll
StoreMyReports/StoreMyReports.dll
TakeCommand/MiniAVC.dll
TakeCommand/Plugins/TakeCommand.dll
TextureReplacerReplaced/Plugins/TextureReplacerReplaced.dll
ToadicusTools/Plugins/ToadicusTools.dll
Trajectories/Plugin/Trajectories.dll
TriggerTech/KerbalAlarmClock/KerbalAlarmClock.dll
TweakableEverything/MiniAVC.dll
TweakableEverything/Plugins/TweakableDeployablePanels.dll
TweakableEverything/Plugins/TweakableDockingNode.dll
TweakableEverything/Plugins/TweakableEVA.dll
TweakableEverything/Plugins/TweakableFuelPumps.dll
TweakableEverything/Plugins/TweakableGimbals.dll
TweakableEverything/Plugins/TweakableIntakes.dll
TweakableEverything/Plugins/TweakableParachutes.dll
TweakableEverything/Plugins/TweakableReactionWheels.dll
TweakableEverything/Plugins/TweakableSAS.dll
TweakScale/plugins/Scale.dll
TweakScale/plugins/Scale_Redist.dll
WaypointManager/WaypointManager.dll
YongeTech_TechTreesPlugin/MiniAVC.dll
YongeTech_TechTreesPlugin/Plugins/YongeTech_TechTreesExpansion.dll
[x] Science!/MiniAVC.dll
[x] Science!/[x] Science!.dll


!resource-whitelist
#!resource-blacklist
#Only select one of these modes.
#Resource blacklist: clients will be allowed to use any dll's, So long as they are not listed in this section
#Resource whitelist: clients will only be allowed to use dll's listed here or in the 'required-files' and 'optional-files' sections.
#Syntax:
#[File Path]
#Example: MechJeb2/Plugins/MechJeb2.dll


!partslist
#This is a list of parts to allow users to put on their ships.
#If a part the client has doesn't appear on this list, they can still join the server but not use the part.
#The default stock parts have been added already for you.
#To add a mod part, add the name from the part's .cfg file. The name is the name from the PART{} section, where underscores are replaced with periods.
#[partname]
#Example: mumech.MJ2.Pod (NOTE: In the part.cfg this MechJeb2 pod is named mumech_MJ2_Pod. The _ have been replaced with .)
#You can use this application to generate partlists from a KSP installation if you want to add mod parts: http://forum.kerbalspaceprogram.com/threads/57284 
StandardCtrlSrf
CanardController
noseCone
AdvancedCanard
airplaneTail
deltaWing
noseConeAdapter
rocketNoseCone
smallCtrlSrf
standardNoseCone
sweptWing
tailfin
wingConnector
winglet
R8winglet
winglet3
Mark1Cockpit
Mark2Cockpit
Mark1-2Pod
advSasModule
asasmodule1-2
avionicsNoseCone
crewCabin
cupola
landerCabinSmall
mark3Cockpit
mk1pod
mk2LanderCabin
probeCoreCube
probeCoreHex
probeCoreOcto
probeCoreOcto2
probeCoreSphere
probeStackLarge
probeStackSmall
sasModule
seatExternalCmd
rtg
batteryBank
batteryBankLarge
batteryBankMini
batteryPack
ksp.r.largeBatteryPack
largeSolarPanel
solarPanels1
solarPanels2
solarPanels3
solarPanels4
solarPanels5
JetEngine
engineLargeSkipper
ionEngine
liquidEngine
liquidEngine1-2
liquidEngine2
liquidEngine2-2
liquidEngine3
liquidEngineMini
microEngine
nuclearEngine
radialEngineMini
radialLiquidEngine1-2
sepMotor1
smallRadialEngine
solidBooster
solidBooster1-1
toroidalAerospike
turboFanEngine
MK1Fuselage
Mk1FuselageStructural
RCSFuelTank
RCSTank1-2
rcsTankMini
rcsTankRadialLong
fuelTank
fuelTank1-2
fuelTank2-2
fuelTank3-2
fuelTank4-2
fuelTankSmall
fuelTankSmallFlat
miniFuelTank
mk2Fuselage
mk2SpacePlaneAdapter
mk3Fuselage
mk3spacePlaneAdapter
radialRCSTank
toroidalFuelTank
xenonTank
xenonTankRadial
adapterLargeSmallBi
adapterLargeSmallQuad
adapterLargeSmallTri
adapterSmallMiniShort
adapterSmallMiniTall
nacelleBody
radialEngineBody
smallHardpoint
stationHub
structuralIBeam1
structuralIBeam2
structuralIBeam3
structuralMiniNode
structuralPanel1
structuralPanel2
structuralPylon
structuralWing
strutConnector
strutCube
strutOcto
trussAdapter
trussPiece1x
trussPiece3x
CircularIntake
landingLeg1
landingLeg1-2
RCSBlock
stackDecoupler
airScoop
commDish
decoupler1-2
dockingPort1
dockingPort2
dockingPort3
dockingPortLarge
dockingPortLateral
fuelLine
ladder1
largeAdapter
largeAdapter2
launchClamp1
linearRcs
longAntenna
miniLandingLeg
parachuteDrogue
parachuteLarge
parachuteRadial
parachuteSingle
radialDecoupler
radialDecoupler1-2
radialDecoupler2
ramAirIntake
roverBody
sensorAccelerometer
sensorBarometer
sensorGravimeter
sensorThermometer
spotLight1
spotLight2
stackBiCoupler
stackDecouplerMini
stackPoint1
stackQuadCoupler
stackSeparator
stackSeparatorBig
stackSeparatorMini
stackTriCoupler
telescopicLadder
telescopicLadderBay
SmallGearBay
roverWheel1
roverWheel2
roverWheel3
wheelMed
flag
kerbalEVA
mediumDishAntenna
GooExperiment
science.module
RAPIER
Large.Crewed.Lab
GrapplingDevice
LaunchEscapeSystem
MassiveBooster
PotatoRoid
Size2LFB
Size3AdvancedEngine
size3Decoupler
Size3EngineCluster
Size3LargeTank
Size3MediumTank
Size3SmallTank
Size3to2Adapter
omsEngine
vernierEngine
delta.small
elevon2
elevon3
elevon5
IntakeRadialLong
MK1IntakeFuselage
mk2.1m.AdapterLong
mk2.1m.Bicoupler
mk2CargoBayL
mk2CargoBayS
mk2Cockpit.Inline
mk2Cockpit.Standard
mk2CrewCabin
mk2DockingPort
mk2DroneCore
mk2FuselageLongLFO
mk2FuselageShortLFO
mk2FuselageShortLiquid
mk2FuselageShortMono
shockConeIntake
structuralWing2
structuralWing3
structuralWing4
sweptWing1
sweptWing2
wingConnector2
wingConnector3
wingConnector4
wingConnector5
wingStrake
adapterMk3-Mk2
adapterMk3-Size2
adapterMk3-Size2Slant
adapterSize2-Mk2
adapterSize2-Size1
adapterSize2-Size1Slant
adapterSize3-Mk3
mk3CargoBayL
mk3CargoBayM
mk3CargoBayS
mk3Cockpit.Shuttle
mk3CrewCabin
mk3FuselageLF.100
mk3FuselageLF.25
mk3FuselageLF.50
mk3FuselageLFO.100
mk3FuselageLFO.25
mk3FuselageLFO.50
mk3FuselageMONO
kerbalEVAfemale
airbrake1
airlinerCtrlSrf
airlinerMainWing
airlinerTailFin
pointyNoseConeA
pointyNoseConeB
airplaneTailB
fairingSize1
fairingSize2
fairingSize3
HeatShield1
HeatShield2
HeatShield3
wingShuttleDelta
elevonMk3
wingShuttleElevon1
wingShuttleElevon2
wingShuttleRudder
wingShuttleStrake
delta.small
mk2Cockpit.Inline
mk2Cockpit.Standard
mk3Cockpit.Shuttle
ksp.r.largeBatteryPack
solidBooster.sm
fuelTank.long
mk2.1m.Bicoupler
mk2.1m.AdapterLong
mk3FuselageLFO.100
mk3FuselageLFO.25
mk3FuselageLFO.50
mk3FuselageLF.100
mk3FuselageLF.25
mk3FuselageLF.50
xenonTankLarge
mk3Cockpit.Shuttle
FuelCell
FuelCellArray
ISRU
LargeTank
OrbitalScanner
RadialDrill
SmallTank
SurfaceScanner
SurveyScanner
sensorAtmosphere
Large.Crewed.Lab
science.module
radialDrogue
ServiceBay.125
ServiceBay.250
GearFixed
GearFree
GearLarge
GearMedium
basicFin
foldingRadLarge
foldingRadMed
foldingRadSmall
radPanelLg
radPanelSm
turboJet
turboFanSize2
miniJetEngine
SSME
adapterEngines
miniFuselage
miniIntake
MK1CrewCabin
MiniISRU
MiniDrill
RadialOreTank
radPanelEdge
mk3CargoRamp
InflatableHeatShield
HECS2.ProbeCore
HighGainAntenna
LgRadialSolarPanel
GearSmall
ScienceBox
SurfAntenna
HighGainAntenna5
RelayAntenna100
RelayAntenna5
RelayAntenna50
HeatShield0
InfraredTelescope
B9.Adapter.C125
B9.Adapter.SM1
B9.Adapter.SM2
B9.Adapter.LM3
B9.Adapter.SM3
B9.Adapter.Y1
B9.Aero.AirBrake.Surface
B9.Aero.AirBrake.Surface.Large
B9.Aero.HL.Adapter.Front
B9.Aero.HL.Body.SAS.05m
B9.Aero.HL.Body.Structure.05m
B9.Aero.HL.Body.Structure.1m.U
B9.Aero.HL.Adapter.2m.Side
B9.Aero.HL.Body.Structure.2m.A
B9.Aero.HL.Body.Structure.2m
B9.Aero.HL.Body.Structure.6m
B9.Aero.HL.Body.Cargo.Tail.Wide
B9.Aero.HL.Body.Tail.8m
B9.Aero.HL.Body.Cargo.A
B9.Aero.HL.Body.Cargo.B
B9.Aero.HL.Body.Cargo.C
B9.Aero.HL.Extension.A
B9.Aero.HL.Extension.B1
B9.Aero.HL.Extension.C
B9.Aero.Intake.CLR
B9.Aero.Intake.DSI
B9.Aero.Intake.DSIX
B9.Aero.Intake.Mount
B9.Aero.Intake.RBM
B9.Aero.Intake.RNM
B9.Aero.T2.Tail
B9.Body.Mk1.Fuselage.025m
B9.Body.Mk1.Fuselage.050m
B9.Body.Mk1.Cargo.Bay.050m
B9.Body.Mk1.Fuselage.100m
B9.Body.Mk1.Cargo.Bay.100m
B9.Body.Mk1.Fuselage.200m
B9.Body.Mk1.Cargo.Bay.200m
B9.Body.Mk1.Fuselage.400m
B9.Body.Adapter.Mk2.125m.Bicoupler
B9.Body.Adapter.Mk2.125m.Long
B9.Body.Adapter.Mk2.125m.Short
B9.Body.Adapter.Mk2.Mk2.Rot
B9.Body.Adapter.Mk2.125m.Shroud
B9.Body.Adapter.Mk2.250m.Long
B9.Body.Adapter.Mk2.250m.Short
B9.Body.Mk1.Nosecone.Long
B9.Body.Mk1.Nosecone.Short
B9.Body.Mk2.Nosecone.Long
B9.Body.Mk2.Nosecone.Short
B9.Body.Mk2.Fuselage.050m
B9.Body.Mk2.SAS.050m
B9.Body.Mk2.Fuselage.1m
B9.Body.Mk2.Cargo.Bay.1m
B9.Body.Mk2.Fuselage.2m
B9.Body.Mk2.Cargo.Bay.2m
B9.Body.Mk2.Cockpit
B9.Body.Mk2.Cockpit.Intake
B9.Cargo.M2.Adapter
B9.Cargo.M2.Separator
B9.Cargo.M2.Body.B
B9.Cockpit.D25
HL.Aero.Cockpit
B9.Cockpit.M27
B9.Cockpit.MK1.Junction
B9.Cockpit.MK5
B9.Cockpit.S2
B9.Cockpit.S2.Adapter
B9.Cockpit.S2.Control.SAS
B9.Cockpit.S2.Body.05m
B9.Cockpit.S2.Body.RCS
B9.Cockpit.S2.Body
B9.Cockpit.S2.Body.6m
B9.Cockpit.S2.Body.Cargo.2m
B9.Cockpit.S2.Body.Cargo.6m
B9.Cockpit.S2.BodyLarge.Cargo.2m
B9.Cockpit.S2.BodyLarge.Cargo.6m
B9.Cockpit.S2.Body.Crew
B9.Cockpit.S2.Body.Crew.6m
B9.Cockpit.S2.Body.Tail
B9.Cockpit.S2.BodyLarge.Back.EngineMount1
B9.Cockpit.S2.BodyLarge.Back.EngineMount2
B9.Cockpit.S2.BodyLarge.Back
B9.Cockpit.S2.BodyLarge.Front
B9.Cockpit.S2.BodyLarge.Front2
B9.Cockpit.S2.BodyLarge
B9.Cockpit.S3
B9.Control.RCS.Block.R12
B9.Control.RCS.Block.R5
B9.Control.RCS.Block.R6
B9.Control.RCS.Port.R1
B9.Control.RCS.Port.R1A
B9.Control.RCS.Port.S1
B9.Control.RCS.Block.S5
B9.Control.RCS.Tank.MT1
B9.Control.RCS.Tank.MT4
B9.Engine.Jet.Pod.Medium
B9.Engine.Jet.Pod.Small
B9.Engine.Jet.Turbofan.F119
B9.Engine.Jet.Turbojet
B9.Engine.L2.Atlas
B9.Engine.SABRE.M.Body
B9.Engine.SABRE.S.Body
B9.Engine.SABRE.Intake.M
B9.Engine.SABRE.Intake.S
B9.Engine.SABRE.M
B9.Engine.SABRE.S
B9.Engine.T2.SRBS
B9.Engine.T2A.SRBS
B9.Engine.VA1
B9.Engine.VS1
B9.Engine.VA1.Intake
B9.Engine.VS1.Nosecone
B9.Structure.L1.Ladder
B9.Structure.L2.Ladder
B9.Structure.L4.Ladder
B9.Structure.L8.Ladder
B9.Structure.R0.Railing
B9.Structure.R1.Railing
B9.Structure.R2.Railing
B9.Structure.R4.Railing
B9.Structure.PA.Adapter
B9.Structure.P1.Surface.Half
B9.Structure.P2.Surface.Half
B9.Structure.P4.Surface.Half
B9.Structure.P8.Surface.Half
B9.Structure.P1.Surface
B9.Structure.P2.Surface
B9.Structure.P4.Surface
B9.Structure.P8.Surface
B9.Structure.SNM.Strut
B9.Structure.SN.Strut
B9.Structure.StackSeparator.MSR
B9.Utility.DockingPort.CDP
B9.Utility.InfoDrive
B9.Utility.Leg.H50
B9.Utility.Leg.H50P
B9.Utility.Light.A1.Closed
B9.Utility.Light.A1.White
B9.Utility.Light.A4.White
B9.Utility.Light.A8.White
B9.Utility.Light.N1.White
B9.Utility.Light.N1.Large.White
B9.Cockpit.MK2.Nosecone
B9.Cockpit.MK2.Nosecone.Science
B9.Cockpit.MK2.Nosecone.ASAS
B9.Control.ASAS
B9.Control.ACU
B9.Aero.Wing.Procedural.TypeA
B9.Aero.Wing.Procedural.TypeB
B9.Aero.Wing.Procedural.TypeC
BZ-1
ChopShop.LilBuzzer
ChopShop.LTS2bottom
ChopShop.LTS2core
ChopShop.LTS1core
ChopShop.LTS05core
ChopShop.LTS1side
ChopShop.LTS05side
ChopShop.SkyCrane1
ChopShop.SkyCrane2
toroidalAerospikeSmall
turboFanEngineSmall
roverBody.fixed
ChopShop.RSP-R
ChopShop.RSP-S
ChopShop.RTGR
ChopShop.RuggedRover
ChopShop.RoverXL
ChopShop.MRR1
ChopShop.MRR2
ChopShop.SoilSampler
ChopShop.AB
ChopShop.AB2
ChopShop.ABD
ChopShop.ABD2
ChopShop.Hub5
ChopShop.Hub6
ChopShop.Hub8
ChopShop.Mk2Beak
ChopShop.Mk2Drone
ChopShop.Mk2Intake
ChopShop.Mk2Quad
ChopShop.Mk2Quint
ChopShop.Mk2Size2
ChopShop.Mk2Tri
ChopShop.Mk2WideTri
ChopShop.LeadWeight
ChopShop.ChBase
ChopShop.ChSeg1
ChopShop.ChSeg2
ChopShop.ChSeg5
ChopShop.ChSegD
ChopShop.ChIn1
ChopShop.DDAS
ChopShop.LED
ChopShop.SSP1
ChopShop.SSP1small
ChopShop.SSP2
ChopShop.SSP3
ChopShop.OpHS
dmReconLarge
dmSIGINT
dmSIGINT.End
dmSIGINT.Small
dmReconSmall
dmASERT
dmGoreSat
dmImagingPlatform
dmmagBoom
rpwsAnt
dmscope
dmSoilMoisture
dmSolarCollector
dmAnomScanner
dmBathymetry
dmbioDrill
dmDAN
dmsurfacelaser
dmRoverGoo
dmRoverMat
dmSeismicPod
dmSeismicHammer
dmXRay
dmUSAsert
dmUSGoo
dmUSMat
dmUSGoreSat
dmUSImagingPlatform
dmUSMagBoom
USRPWS
dmUSScope
dmUSSoilMoisture
dmUSSolarParticles
dmUSAccGrav
dmUSAtmosSense
dmUSPresTemp
dmrtg
EVAfuelLine
indicatorLightSmall
JSIPrimitiveExternalCamera
ju1MDA
jw1MDA
jx2LDA
Engineer7500
EngineerChip
WrapperCap
WrapperTank
WrapperTankLong
WrapperTankWristband
WrapperTankBracelet
ITSLeg-L
ITSLeg-L-KRE
ITSLeg-M
ITSLeg-M-KRE
BoosterWingKRE
BoosterWingsMountKRE
HotGasThruster-L
HotGasThruster-M
CapsuleDockingPort1
SmallCapsuleEngine
SmallCapsuleEngineRCS
DragonFuelTank
Grid Fin L
Grid Fin M
Grid Fin S
Grid Fin L Titanium
Grid Fin M Titanium
Grid Fin S Titanium
Heatshield-M
HexLegsMountL
HexLegsMountM
HexLegsL
HexLegsM
ShepardLeg-M
ShepardLeg-S
SpaceXLegs-XL
SpaceXLegs-L
SpaceXLegs-S
TrunkServiceModule
TrunkFin
KW2mSRBNoseCone
KW5mNoseCone
KWFin
KWFinGC
KW1mNoseCone
KW2mNoseCone
KW3mNoseCone
KWSASmodule2mHalf
KWSASmodule3mHalf
KWSASmodule5mHalf
KWRadBattLargeL
KWRadBattLargeS
KWRadBattSmallL
KWRadBattSmallS
KW1mengineMaverick1D
KW1mengineVestaVR1
KW1mengineWildCatV
KW2mengineGriffonG8D
KW2mengineMaverickV
KW2mengineSPS
KW2mengineSPSB
KW2mengineVestaVR9D
KW3mengineGriffonXX
KW3mengineTitanT1
KW3mengineWildcatXR
KW5mengineGriffonC
KW5mengineTitanV
KW1mFairingPFE
KW2mFairingPFE
KW3mFairingPFE
KW1mFairingPF
KW2mFairingPF
KW3mFairingPF
KW1mDecouplerShroud
KW2mDecouplerShroud
KW3mDecouplerShroud
KW5mDecouplerShroud
KW5x3AdapterShroud
KW5mFairingPF
KW5mFairingPFE
KW2Sidetank
KW3Sidetank
KW1mRCSfuel
KW1mtankL0.5
KW1mtankL1
KW1mtankL2
KW1mtankL4
KW1mtankPancake
KW2mRCSfuel
KW2mtankL0.5
KW2mtankL1
KW2mtankL2
KW2mtankL4
KW2mtankL4A
KW2mtankPancake
KW3mRCSfuel
KW3mtankL0.5
KW3mtankL1
KW3mtankL2
KW3mtankL4
KW3mtankL4A
KW3mtankPancake
KW5mtankL05
KW5mtankL1.5
KW5mtankL3.5
KWrcsPod
KWrcsQuad
KWrcsQuad45
KWsrbGlobeI
KWsrbGlobeV
KWsrbGlobeVI
KWsrbGlobeX
KWsrbGlobeX2
KWsrbGlobeX10L
KWsrbGlobeX10S
KWsrbGlobeX5
KWsrbUllage
KWsrbUllageLarge
KW3mDockingRing
KWadapter2x1
KWadapter3x2
KW1mDecoupler
KW2mDecoupler
KW3mDecoupler
KW5mStageDecoupler
KWFlatadapter2x1
KWFlatadapter3x1
KWFlatadapter3x2
KWFuelAdapter2x1
KWFuelAdapter2x1S
KWFuelAdapter3x1
KWFuelAdapter3x1S
KWFuelAdapter3x2
KWFuelAdapter3x2S
KWFuelAdapter5x2
KWFuelAdapter5x3
KW3mPetalAdapter
strutConnectorHeavy
strutConnectorMedium
MainSailorFairingConicBlk
MainSailorFairingEggBlk
MainSailorFairing001BK
MainSailorFairingConicGamma
MainSailorFairingEggGamma
MainSailorFairing001
MainSailorFairingConicWht
MainSailorFairingEggWht
MainSailorFairing001SyzWht
mumech.MJ2.AR202
mumech.MJ2.AR202.features1
mumech.MJ2.AR202.features2
mumech.MJ2.AR202.features3
mumech.MJ2.AR202.features4
mumech.MJ2.Pod
M2X.InlineIntake
M2X.AeroIntake
M2X.ChineCap
M2X.ChineLong
M2X.RootChineAdapter
M2X.RootChineLong
M2X.RootChineShort
M2X.ChineShort
M2X.circularintake
M2X.EngineShroud
M2X.MantaIntake
Mk1Chinecap
Mk1ChineLong
Mk1ChineShort
M2X.Precooler
M2X.Shockcone
M2X.Tailboom
M2X.DropshipCockpit
M2X.BladeCockpit
M2X.TunaCockpit
M2X.RavenCockpit
M2X.ViperCockpit
M2X.RATO
M2X.RadialAASRB
M2X.LinearAerospike
M2X.AugmentedRocket
M2X.ESTOC
M2X.IonEngine
M2X.Jumpjet
M2X.FuselageRVTOLE
M2X.FuselageLiftFan
M2X.LiftFan
M2X.MATTOCK
M2X.Pegasus
M2X.Pluto
M2X.Ramjet
M2X.AtomicJet
M2X.SCRamjet
M2X.Siddeley
M2X.Turbofan
M2X.Turbojet
M2X.Turboprop
M2X.HeavyVTOL
M2X.Shortbicoupler
M2X.HypersonicNose
M2X.InverterFuselage
M2X.linearTricoupler
M2X.SupersonicNose
M2X.UST
M2X.Short25adapter
M2X.SpadeTail
M2X.625tricoupler
M2X.Decoupler
M2X.Endcap
M2X.LHub
M2X.THub
M2X.XHub
M2X.RadialMountA
M2X.RadialMountB
M2X.StructuralAdapterLong
M2X.StructuralAdapterS
M2X.StructuralTube
M2X.AligningDockingPort
M2X.ShieldedDockingPort
M2X.SmallLab
M2X.LongCabin
M2X.Nosebay
M2X.OMSpod
M2X.PoddedRadiator
M2X.RCRCS
M2X.PGRCS
M2X.FF5WayRCS
M2X.OMSBlister
M2X.RCSBlister
M2X.SCRCS
M2X.Reactor
M2X.Servicebay
M2X.SolarpanelPod
M3X.AirbrakeA
M3X.AirbrakeB
M3X.ElevonA
M3X.ElevonB
M3X.ElevonC
M3X.WingSegmentA
M3X.WingSegmentB
M3X.WingSegmentC
M3X.WingSegmentD
M3X.WingSegmentE
M3X.WingSegmentF
M3X.WingSegmentG
M3X.EndChine
M3X.LongChine
M3X.RCSChineSegment
M3X.RCSChineCap
M3X.ShortChine
M3X.SubsonicIntake
M3X.Precooler
M3X.ConeIntake
M3X.CyclopsCockpit
M3XDroneCore
M3X.InlineCockpit
M3X.ShovelCockpit
M3X.AugmentedRocket
M3X.CLEAVER
M3X.ConcentricAerospike
M3X.Hades
M3X.Heavyprop
M3X.IonEngine
M3X.Turbofan
M3X.Linearaerospike
mk3.OMSystem
M3X.NuclearJet
M3X.SRBLong
M3X.HeavySRB
M3X.SRB
M3X.XLTurbofan
M3X.TurboJet
M3X.Size2Bicoupler
M3X.hypersonicnosecone
M3X.InverterAdaptermk2
M3X.size1adapter
M3X.Quadcoupler
M3X.serviceBay
M3X.UST
M3X.nosecap
M3X.Tricoupler
M3X.Mk2Tricoupler
M3Xdecoupler
M3X.AdapterSegment
M3X.RCSCap
M3X.CrewSegment
M3X.EndSegment
M3X.IntakeSegment
M3X.LongSegment
M3X.AttachSegment
M3X.RCSSegment
M3X.ShortSegment
M3X.THub
M3X.XHub
M3X.OMSShoulder
M3X.AligningDockingPort
M3X.InlineDockingPort
M3X.StackDockingPort
M3X.HeavyRCS
M3X.Reactor
M3X.SciLab
MI.FiveM.Adapt
MI.FiveM.Adapt.S
MI.FiveM.Cone
MI.FiveM.Dome
MI.FiveM.Tank.L
MI.FiveM.Tank.M
MI.FiveM.Tank.S
MI.WagonWheel
MI.Jumbo.32
MI.Jumbo.Cone
MI.Jumbo.Dome
MI.One25M.Cone
MI.One25M.Dome
MI.Puck
MI.One25M.Dome.LT
MI.One25M.LT
MI.Radial.Adapt.LG
MI.Radial.Adapt.LG.Slant.P
MI.Radial.Adapt.LG.Slant.S
MI.Radial.LG
MI.Radial.Wedge.LG.M
MI.Radial.Wedge.LG.ML
MI.Radial.Adapt.SM
MI.Radial.SM.M
MI.Radial.Wedge.LG.S
MI.Radial.Wedge.LG.T
MI.Radial.Wedge.SM.S
MI.Radial.Wedge.SM.T
MI.Three75M.Mono
MI.Hatbox
MI.Pancake
MI.Three75M.Adapt
MI.Three75M.Cone
MI.Three75M.Dome
MI.Toroid.LG
MI.Toroid.SM
MI.Piepan
MI.Two5M.Adapt
MI.Two5M.Adapt.S
MI.Two5M.Cone
MI.Two5M.Dome
MI.Xenon.Dome.LG
MI.Xenon.LG
MI.Xenon.Dome.MD
MI.Xenon.MD
MI.Xenon.Dome.SM
MI.Xenon.SM
MI.Oscar.Cone
MI.Oscar.Dome
MI.Thermos
MI.Oscar.Dome.LT
MI.Oscar.LT
adapter-125-0625-2
adapter-125-0625-3
adapter-125-0625-4
adapter-25-125
adapter-25-multi-1
adapter-375-25-1
adapter-rad-0625
adapter-rad-125
docking-25
truss-circular-01
truss-circular-02
truss-circular-03
truss-circular-04
truss-circular-adapter-01
truss-circular-adapter-02
truss-circular-docking-01
truss-hex-01
truss-hex-02
truss-hex-03
truss-hex-adapter-01
truss-octo-01
truss-octo-02
truss-octo-03
truss-octo-04
truss-octo-adapter-01
truss-octo-adapter-crew-01
truss-octo-angled-01
truss-octo-angled-crew-01
truss-octo-attach-01
truss-octo-crew-01
truss-octo-crew-02
truss-octo-crew-03
truss-octo-docking-125
truss-octo-docking-25
truss-octo-docking-octo
truss-octo-drone-01
truss-octo-hub-01
truss-octo-hub-crew-01
truss-spinal-01
truss-spinal-02
truss-spinal-03
truss-spinal-adapter-01
truss-spinal-adapter-02
truss-spinal-docking-01
battery-0625
battery-125
battery-25
battery-375
battery-rad-125
capacitor-0625
capacitor-125
capacitor-25
capacitor-rad-0625
capacitor-rad-0625-2
reactor-0625
reactor-125
reactor-25
reactor-25-2
reactor-375
reactor-375-2
nuclearfuel-0625
nuclearfuel-125
nuclearfuel-25
rtg-0625
nuclear-recycler-25
drone-core-5-1
drone-core-75-1
decoupler-5-1
decoupler-75-1
decoupler-radial-1
docking-5-1
battery-stack-5-1
engine-lfo-advanced-125-1
engine-lfo-125-2
engine-lfo-25-1
engine-lfo-advanced-25-2
fueltank-5-1
fueltank-5-2
fueltank-5-3
fueltank-5-4
fueltank-adapter-5-375-1
fueltank-adapter-5-375-2
fueltank-adapter-5-375-3
fueltank-nosecone-5-1
fueltank-75-1
fueltank-75-2
fueltank-75-3
fueltank-75-4
fueltank-adapter-75-5-1
fueltank-adapter-75-5-2
cargo-5-1
cargo-5-2
cargo-5-3
cargo-5-4
cargo-nose-5-1
service-bay-5-1
fairing-5-1
fairing-75-1
rcs-aero-heavy-1
rcs-aero-heavy-2
rcs-heavy-1way-1
rcs-heavy-4way-1
rcs-integrated-1
skeletal-adapter-5-1
cluster-mount-5-1
cluster-mountr5-2
cluster-mount-75-1
cluster-mount-75-2
argon-0625-1
argon-0625-2
argon-0625-3
argon-125-1
argon-125-2
argon-125-3
argon-25-1
argon-25-2
argon-25-3
argon-radial-0625-1
argon-radial-125-1
ionArgon-0625-2
ionArgon-0625-3
ionArgon-0625
ionXenon-0625-2
ionXenon-0625-3
ionXenon-0625
mpdt-0625
mpdt-125
mpdt-25
pit-0625
pit-125
pit-25
vasimr-0625
vasimr-125
vasimr-25
lithium-125-1
lithium-125-2
lithium-25-1
lithium-25-2
lithium-25-3
rcsblock-gridded-01
rcsblock-hall-01
rcsblock-mpdt-quad-01
rcsblock-mpdt-quint-01
rcsblock-mpdt-single-01
rcsblock-mpdt-triple-01
rcsblock-pulsedplasma-01
cryoseperator-25
gasspectrometer-01
xenon-125-1
xenon-125-2
xenon-125-3
xenon-25-1
xenon-25-2
xenon-25-3
xenon-radial-125-1
solarpanel-blanket-1
solarpanel-blanket-2
solarpanel-blanket-3
solarpanel-blanket-4
solarpanel-curved-25-1
solarpanel-curved-375-1
solarpanel-curved-deploying-25-1
solarpanel-curved-deploying-375-1
solarpanel-deploying-1x3-1
solarpanel-deploying-1x3-2
solarpanel-deploying-1x4-1
solarpanel-deploying-1x4-2
solarpanel-deploying-1x4-3
solarpanel-deploying-1x5-1
solarpanel-deploying-1x5-2
solarpanel-deploying-2x1-1
solarpanel-deploying-2x1-2
solarpanel-deploying-2x3-1
solarpanel-deploying-circular-1
solarpanel-static-truss-1
solarpanel-static-truss-2
command-mk3-9
command-mk4-1
command-ppd-1
orbital-engine-0625
orbital-engine-125
orbital-engine-25
orbital-engine-375
monoprop-tank-125-1
monoprop-tank-125-2
monoprop-tank-125-3
monoprop-tank-25-1
monoprop-tank-25-2
monoprop-tank-25-3
monoprop-tank-375-1
monoprop-tank-375-2
monoprop-tank-375-3
service-tank-25
service-tank-375
rcsblock-aero-5way-1
rcsblock-orbital-2way-45-1
rcsblock-orbital-2way-45-2
rcsblock-orbital-3way-1
rcsblock-orbital-4way-1
rcsblock-orbital-5way-1
rcsblock-orbital-linear-1
engine-pod-1
engine-pod-2
landingleg-pod-1
utility-pod-25
AAengine
engine.darkDrive
opt.mk2.engine.short
opt.nebula.engine
h.2m.em.fm
h.2m.em.mm
h.2m.nose.fm
h.2m.nose.mm
h.3m.crew.fm
h.3m.crew.mm
h.3m.fuel.fm
h.3m.fuel.mm
h.4m.nose.fm
h.4m.nose.mm
h.drone.fm
h.drone.mm
ij.adaptor
ij.4m.adaptor.variant
i.4m.cockpit.isp
i.4m.tail
phoenix.cockpit
ils.cockpitv2
jk.3m.adaptor
jk.7m.adaptor
j.2m.bicoupler
j.docking.port
j.2m.tanks
j.2m.inlineBoardingRamp
j.deploymentBay
j.large.docking.port
j.3m.rearHatch
j.4m.cargo
j.4m.crew
j.engineMount.4
j.4m.tanks
j.4m.lab
j.4m.service
j.5m.nose
j.5m.tail
j.6m.cockpit
j.cockpitv2
j.cockpit.qs
j.cockpit.qs.no.intake
j.linear.aerospike
j.4m.drone
j.4m.droneRCS
j.sas
kh.3m.cargo
kh.3m.fuselage
kh.6m.cargo
kh.6m.fuselage
kh.7m.cargoTail
kh.7m.cargoTail.variant
k.10m.cockpit
k.2m.bicoupler
k.3m.fuelTank
k.3m.fuselage
k.3m.tricoupler
k.6m.cargo
k.6m.fuelTank
k.6m.fuselage
k.7m.cargoTail
k.7m.cargoTail.variant
mk2j.adaptor
mk2.nose.opt
mk2.ramIntake
mk2.cockpitv2
opt.oms.black
opt.oms.grey
opt.rcs.black
opt.rcs.grey
opt.retro.rcs
opt.pylon.a
opt.pylon.b
opt.stabilizer.a
opt.stabilizer.b
opt.winglet.a
opt.winglet.a.elevon
opt.winglet.b
opt.winglet.b.elevon
opt.winglet.c
opt.winglet.c.elevon
opt.wing.a
opt.wing.a.elevon
opt.wing.b
opt.wing.b.elevon
opt.wing.c
opt.wing.c.elevon1
opt.wing.c.elevon2
KKAOSS.Central.Hub
KKAOSS.Automatic.Control.g
KKAOSS.Control.g
KKAOSS.Cupola.g
KKAOSS.Landing.Control.g
KKAOSS.Service.g
KKAOSS.Centrifuge
KKAOSS.Nuclear.Fuel
KKAOSS.Nuclear.Reactor
KKAOSS.Fuel.Tank
KKAOSS.Fuel.Tank.small
KKAOSS.drill
KKAOSS.ISRU.g
KKAOSS.Science.g
KKAOSS.adapter.base.to.MK2.g
KKAOSS.adapter.base.to.Size1.g
KKAOSS.base.bicupler
KKAOSS.base.separator
KKAOSS.base.tricupler
KKAOSS.base.heatshield
KKAOSS.gangway.2.adapter
KKAOSS.corridor.4
KKAOSS.corridor.6
KKAOSS.gangway.airlock
KKAOSS.gangway.end
KKAOSS.CrossSection.g
KKAOSS.dock.gangway
KKAOSS.dock.habitat
KKAOSS.engine.g
KKAOSS.adapter.g
KKAOSS.Flatbed
KKAOSS.airlock.end.g
KKAOSS.airlock.mid.g
KKAOSS.garage.adapter.g.2
KKAOSS.garage.cover.g.2
KKAOSS.garage.decoupler.g
KKAOSS.garage.front.g.2
KKAOSS.garage.side.g.2
KKAOSS.garage.struct.g.2
KKAOSS.garage.adapter.size3.g
KKAOSS.Greenhouse.g
KKAOSS.Habitat.MK1.g
KKAOSS.Habitat.MK2.g
KKAOSS.Landing.Gear2.g
KKAOSS.Landing.Leg.g
KKAOSS.Landing.Leg2.g
KKAOSS.Storage.End.Cap.Storage
KKAOSS.Storage.g
KKAOSS.Storage.mid.g
KKAOSS.Storage.mini.g
KKAOSS.Storage.size2.m
KKAOSS.Storage.size2.s
KKAOSS.Battery.Tank
KKAOSS.Fuelcell.Tank
KKAOSS.Liquid.Fuel.Tank
KKAOSS.Ore.Tank
KKAOSS.Small.Ore.Tank
KKAOSS.RCS.Tank
KKAOSS.Rocket.Fuel.Tank
KKAOSS.small.Rocket.Fuel.Tank
KKAOSS.ScienceJr.Tank
KKAOSS.Xenon.Tank
KKAOSS.KIS.FuelTank
KKAOSS.KIS.FuelTank.small
proceduralConeLiquid
proceduralBattery
proceduralHeatshield
proceduralNoseCone
proceduralStackDecoupler
proceduralStructural
proceduralTankLiquid
proceduralTankRCS
proceduralTankXenon
proceduralTankSRB
proceduralTankOre
quizTechMk1K10Cockpit
quizTechMk1EagleCockpit
mk2ProbeNose
quizTechMk2ThunderboltCockpit
Mk2TwinTurboJet
Mk2TwinTurboJetAB
cyclone
K-35B
KFAN
razorMk1
Mk2.LinAerospike
Mk2.NERVA
rcsJet
quizTechVTOLwing
Mk2QuarterTank
Mk2-0.625x2
mk2-1AdapterIntakes
Mk2-1.Adapter.Slanted
mk2SnubNose
mk2MedNose
Mk2.Half.ServiceBay
Mk2.ShieldedNosePort
RC.cone
RC.cone.double
RC.radial
RC.stack
SETIgreenhouse1
SETIgreenhouse3
setiHeatShield065
setiInflatableHeatShield250
setiMiniInlineRCS
setiMiniInlineRCSlinear
setiMiniRCS
setiMiniRCSlinear
setiLFOenginePomeranian
setiMiniSRB3
setiMiniFuelTank3
setiMiniRCStank8
setiProbeStack1
setiProbeStack2
setiDockingJrShielded
setiMiniAFC
setiMiniAGU
setiMiniBattery
setiMiniServiceBay
setiMiniSolarExt
setiMiniSolarRetr
nuclearEngineKANDL
nuclearEngineLANTR
nuclearEngineLightbulb
radiatorRadialLarge
radiatorRadialMedium
radiatorRadialSmall
NuclearJetEngine
bahaMk2LightningCockpit
AdapterfuelTank
FifteenDegreeAdapterfuelTank
LargeFifteenDegreeAdapterfuelTank
OxiTankSmallFlat
CWRamAirIntake MK3
ftmn160
ftmn280
ftmn40
ltby5000
2mToroidFuOx
bl40n
ftmn180
ftmn400
ftmn80
KAL9000
lv2n
lv4n
MNZFARDrive
MNZFARENG
MNZFarscape
MNZFarscapeGearLH
MNZFarscapeGearNose
MNZFarscapeGearRH
MNZFarscapeWingLH
MNZFarscapeWingRH
MK2Cont4
MK2Cont8
mk2Battery
mk2BatteryAlt
mk2Decoupler
mk2SAS
mk2Separator
mk2SolarBattery1k
mk2SolarBattery2k
NAU.ORI350Gm
NAU.ORI69Gm
TaurusOrbitalEngine
Size3TinyTank
TaurusHeatshield
taurusNuclearEngine
XLOreTank
Size3SASBatt
TaurusHitchhiker
TaurusScienceBay
stackSeparatorHuge
TaurusHCV
SYadapter10m3mX5
SYadapter10m3mX7
SYadapter7m3mX4
SYadapter7m5m
SYplate10m1mX37
SYplate10m1mX43
SYplate10m3mX4
SYplate10m7mX1
SYplate10mX0
SYplate7m2mX7
SYplate7m3mX2
SYplate7m5mX1
SYserviceBay3m
SYserviceBay5m
SYserviceBay7m
SYprobe7m
SYvernier1
SYengine3mE1
SYengine3mP1
SYengine5mP2
SYengine7mE2
SYengine7mE4
SYengine7mP4
SYengine7mR9
SYdecoupler10m
SYdecoupler7m
SYfairing10m
SYfairing7m
SYheatShield7m
SYseparator10m
SYseparator7m
SYtank10m7mAdapter
SYtank10mL03750
SYtank10mL07500
SYtank10mL15000
SYtank10mL22500
SYtank7m5mAdapter
SYtank7m5mAdapter2
SYtank7mCone1
SYtank7mL03750
SYtank7mL07500
SYtank7mL15000
SYbay3m2m
SYbay5m3m
SYprobe3m
SYprobe5m
SYsasR3m
SYsasR5m
SYdecouplerRadial1
SYdecouplerRadial2
SYdecoupler5m
SYseparator3m
SYseparator5m
SYdocking3m
SYdocking5m
SYdocking7m
SYengine1mK1
SYengine2mM1
SYengine2mR1
SYengine5mM5
SYengine5mM9
SYengine5mR5
SYengine5mR7
SYfairingBase5mP
SYtank3mCone
SYtank3mCone2
SYtank5m3mAdapter
SYtank5mCone2
SYtank5mL01875
SYtank5mL0375
SYtank5mL0750
SYtank5mL1125
SYtank5mL1500
SYheatShield5m
SYlandingLeg1
SYlandingLeg2
SYclamp1
SYclamp2
SYoms1
SYoms2
SYrcs1
SYrcs2
SYejectatron
SYSRBconeSize1
SYSRBconeSize1slanted
SYSRBconeSize2
SYSRBconeSize2slanted
SYSRBconeSize3
SYSRBconeSize3slanted
SYSRB.0625L5
SYSRB.0625L6R
SYSRB.0625L9
SYSRB.1875S
SYSRB.1875L
SYSRB.1875X
SYSRB.25S
SYSRB.25L
SYSRB.25X23
SYSRB.25X29
SYSRB.375L08
SYSRB.375L12
SYSRB.375L21
SYSRB.375L30
SYSRBradial01
SYadapter5x4
SYadapter3-2-1
SYadapter4-2-1
SYadapter4-3
SYplate1m0mX1
SYplate1m0mX2
SYplate2m1m0mX8
SYplate2m1mX0
SYplate2m1mX1
SYplate2m1mX2
SYplate3m1mX5
SYplate3m1mX7
SYplate3m2mX1
SYplate5m2m1mX8
SYplate5m2mX2
SYplate5m3mX1
sspx-cargo-container-25-1
sspx-cargo-container-25-2
sspx-cargo-container-25-3
sspx-cargo-container-375-1
sspx-cargo-container-375-2
sspx-cargo-container-375-3
sspx-cargo-container-radial-huge-1
sspx-cargo-container-radial-huge-2
sspx-cargo-container-radial-medium-1
sspx-cargo-container-radial-medium-2
sspx-cargo-container-radial-medium-3
sspx-cargo-container-radial-small-1
sspx-cargo-container-radial-small-2
sspx-cargo-container-radial-small-3
sspx-inflatable-centrifuge-125-1
sspx-inflatable-centrifuge-125-2
sspx-inflatable-hab-125-1
sspx-inflatable-hab-125-2
sspx-inflatable-hab-125-3
sspx-inflatable-centrifuge-25-1
sspx-inflatable-hab-25-1
sspx-inflatable-hab-25-2
sspx-expandable-centrifuge-375-1
sspx-expandable-centrifuge-375-2
sspx-adjusting-base-125-1
sspx-adjusting-base-25-1
sspx-adjusting-base-375-1
sspx-adjusting-base-cradle-125-1
sspx-adjusting-base-cradle-25-1
sspx-adjusting-base-cradle-375-1
sspx-adjusting-stairs-1
sspx-extendable-tube-125-1
sspx-extendable-tube-25-1
sspx-adapter-0625-125-1
sspx-airlock-125-1
sspx-attach-125-1
sspx-cargo-125-1
sspx-core-125-1
sspx-cupola-125-1
sspx-docking-125-1
sspx-habitation-125-1
sspx-hub-125-1
sspx-tube-125-1
sspx-tube-125-2
sspx-tube-125-3
sspx-utility-125-1
sspx-adapter-125-25-1
sspx-adapter-125-25-2
sspx-airlock-25-1
sspx-attach-25-1
sspx-cargo-25-1
sspx-cargo-25-2
sspx-core-25-1
sspx-greenhouse-25-1
sspx-habitation-25-1
sspx-hub-25-1
sspx-observation-25-1
sspx-tube-25-1
sspx-tube-25-2
sspx-tube-25-3
sspx-adapter-25-375-1
sspx-adapter-25-375-2
sspx-aquaculture-375-1
sspx-attach-375-1
sspx-core-375-1
sspx-cupola-375-1
sspx-greenhouse-375-1
sspx-habitation-375-1
sspx-habitation-375-2
sspx-habitation-375-3
sspx-lab-375-1
sspx-tube-375-1
sspx-tube-375-2
sspx-tube-375-3
TCAModuleVTOLControl
TCAModuleMacroProcessor
TCAModuleBallisticJump
TCAModuleCruiseControl
TCAModuleToOrbitAutopilot
TCAModuleVerticalSpeedControl
TCAModuleFlightStabilizer
TCAModuleRendezvousAutopilot
ThrottleControlledAvionics
TCAModuleSquadControl
TCAModuleHorizontalSpeedControl
TCAModuleAttitudeControl
TCAModuleThrottleControl
TCAModuleAutoLander
TCAModuleManeuverAutopilot
TCAModulePointNavigator
TCAModuleAltitudeControl
TCAModuleCollisionPreventionSystem
TCAModuleRadar
TCAModuleDeorbitAutopilot
TCAModuleAnchor
TCAModuleVTOLAssist
TCAModuleMatchVelocityAutopilot
Cargo
CargoHeatShield
CargoPanel
CargoShorud
CargoShroud
CargoTrunk
TE.F1.Interstage
TE.F1.PayloadFairing
TE.F1.S1.Engine
TE.F1.S1.Tank
TE.F1.S2.Engine
TE.F1.S2.Tank
F9Decoupler
F9Decoupler2
Engine1
Engine2
Fueltank1
Fueltank2
BFR.Engines
BFR.ProbeCore
BFS.Cargo
EngineShroud
ITS.Wing
ITS.Pod
ITS.DockingPort
ITS.SLE
ITS.VAC
ITS.Tank
BFR.Tank
Hedgehog
Ladee.Body
Ladee.Core
Ladee.Engine
NH.Antenna
NH.Core
NH.Sci1
NH.Sci2
Philae.Core
Philae.Legs
Rosetta.Core
Rosetta.Engine
RosettaPanel
Rodan
RodanHeatShield
RodanTrunk
Akita.Bed
Akita.Cab
Akita.Seat
Akita.Wheel
PAL.Claw
PAL.Counterweight
PAL.Cradle250
PAL.Cradle375
PAL.Crane
PAL.Forklift
PAL.Gripper
PAL.Humpback
PAL.Ladder
PAL.Magnet
PAL.MagPad
PAL.MiniWheel
PAL.MultiMount
PAL.Stabilizer
PAL.Truss
PAL.Wheel
PAL.Wheel.2
PAL.Wheel.3
ConstructionPort0
ConstructionPort1
ConstructionPort2
Malemute.ExpandingDockingPort
Malemute.MiniWheel
Malemute.RoverCab
Malemute.RoverCargoBed
Malemute.RoverCrewCab
Malemute.RoverDockModule
Malemute.RoverFlatBed
Malemute.RoverScienceLab
Malemute.RoverServiceBay
Malemute.RoverTail
Malemute.RoverTankLong
Malemute.RoverTankShort
Malemute.RoverWheel
US.1C10.Wedge.Quadcore
US.1C15.Wedge.Hexacore
US.1C20.Wedge.Octocore
US.f.Dec.SafetyDecoupler125
US.e.Dec.SafetyDecoupler250
US.1M110.Wedge.ScienceBay
US.1P110.Wedge.Fuelcell
US.1P120.Wedge.Elektron
US.1R210.Wedge.Liquidfuel
US.1R220.Wedge.Monoprop
US.1R330.Wedge.Hydrogen
US.1R340.Wedge.Oxygen
US.1R360.Wedge.Water
US.2R340.Radial.Oxygen
US.Radial.R30.Water
EjectionModule
EjectionCover2A
liquidEngineMiniTurbo
HeavyRcs
InlineRCS
KerbCan
LargeOMS
LargeInflatableHAB
VenLV909b
solidBoosterMAX
ParaDockingPort
45DegreeRCS
PoodleM
stationHubLarge
CryoXBig
CryoXmed
CryoXnoseCone
CryoXsmall
CryoXendButt
ShieldCapLarge
largeFixedAntenna
SmallFixedAntenna
mediumFixedAntenna
LongDeployableAntenna
LVT15
MK1Cargobay
MK1LFOFuselage
MK2VApod
RT1
RT2
RT20
size0PulseJet
RadialavionicsHub
Size2MedEngine
smallISRU
InflatableHAB
MicroInflatableHAB
SmallInflatableHAB
size2nuclearEngine
softTankMK1
softTankMK2
softTankMK3
softTankMK4
softTankMK5

